,time,cpu%,mem%
0,20210108-094550,0.0,0.6085633821908367
1,20210108-094553,0.0,0.6085633821908367
2,20210108-094556,0.0,0.6085633821908367
3,20210108-094559,0.0,0.6085633821908367
4,20210108-094602,0.0,0.6085633821908367
5,20210108-094605,0.0,0.6085633821908367
6,20210108-094608,0.0,0.6085633821908367
7,20210108-094611,0.0,0.6085633821908367
8,20210108-094614,0.0,0.6085633821908367
9,20210108-094617,0.0,0.6085633821908367
10,20210108-094620,0.0,0.6085633821908367
11,20210108-094623,0.0,0.6085633821908367
12,20210108-094626,0.0,0.6085633821908367
13,20210108-094629,0.0,0.6085633821908367
14,20210108-094632,0.0,0.6085633821908367
15,20210108-094635,0.0,0.6085633821908367
16,20210108-094638,0.0,0.6085633821908367
17,20210108-094641,0.0,0.6085633821908367
18,20210108-094644,0.0,0.6085633821908367
19,20210108-094647,0.0,0.6085633821908367
20,20210108-094650,0.015,0.6085633821908367
21,20210108-094653,0.0,0.6085633821908367
22,20210108-094656,0.0,0.6085633821908367
23,20210108-094659,0.0,0.6085633821908367
24,20210108-094702,0.0,0.6085633821908367
25,20210108-094705,0.0,0.6085633821908367
26,20210108-094708,0.0,0.6085633821908367
27,20210108-094711,0.0,0.6085633821908367
28,20210108-094714,0.0,0.6085633821908367
29,20210108-094717,0.0,0.6085633821908367
30,20210108-094720,0.0,0.6085633821908367
31,20210108-094723,0.0,0.6085633821908367
32,20210108-094726,0.0,0.6085633821908367
33,20210108-094729,0.0,0.6085633821908367
34,20210108-094732,0.0,0.6085633821908367
35,20210108-094735,0.0,0.6085633821908367
36,20210108-094738,0.0,0.6085633821908367
37,20210108-094741,0.0,0.6085633821908367
38,20210108-094744,0.0,0.6085633821908367
39,20210108-094747,0.0,0.6085633821908367
40,20210108-094750,0.0,0.6085633821908367
41,20210108-094753,0.015,0.6085633821908367
42,20210108-094756,0.0,0.6085633821908367
43,20210108-094759,0.0,0.6085633821908367
44,20210108-094802,0.0,0.6085633821908367
45,20210108-094805,0.0,0.6085633821908367
46,20210108-094808,0.0,0.6085633821908367
47,20210108-094811,0.0,0.6085633821908367
48,20210108-094814,0.0,0.6085633821908367
49,20210108-094817,0.0,0.6085633821908367
50,20210108-094820,0.0,0.6085633821908367
51,20210108-094823,0.0,0.6085633821908367
52,20210108-094826,0.0,0.6085633821908367
53,20210108-094829,0.0,0.6085633821908367
54,20210108-094832,0.0,0.6085633821908367
55,20210108-094835,0.0,0.6085633821908367
56,20210108-094838,0.0,0.6085633821908367
57,20210108-094841,0.0,0.6085633821908367
58,20210108-094844,0.0,0.6085633821908367
59,20210108-094847,0.0,0.6085633821908367
60,20210108-094850,0.0,0.6085633821908367
61,20210108-094853,0.0,0.6085633821908367
62,20210108-094856,0.0,0.6085633821908367
63,20210108-094859,0.0,0.6085633821908367
64,20210108-094902,0.0,0.6085633821908367
65,20210108-094905,0.015,0.6085633821908367
66,20210108-094908,0.0,0.6085633821908367
67,20210108-094911,0.0,0.6085633821908367
68,20210108-094914,0.0,0.6085633821908367
69,20210108-094917,0.0,0.6085633821908367
70,20210108-094920,0.0,0.6085633821908367
71,20210108-094923,0.0,0.6085633821908367
72,20210108-094926,0.0,0.6085633821908367
73,20210108-094929,0.0,0.6085633821908367
74,20210108-094932,0.0,0.6085633821908367
75,20210108-094935,2.415,0.6927777006169138
76,20210108-094938,0.08499999999999999,0.6928627226446029
77,20210108-094941,0.0,0.6928627226446029
78,20210108-094944,0.0,0.6928627226446029
79,20210108-094947,0.015,0.6928627226446029
80,20210108-094950,0.0,0.6928627226446029
81,20210108-094953,0.015,0.6928991606564696
82,20210108-094956,0.0,0.6928991606564696
83,20210108-094959,0.015,0.6928991606564696
84,20210108-095002,0.0,0.6928991606564696
85,20210108-095005,0.0,0.6928991606564696
86,20210108-095008,0.0,0.6928991606564696
87,20210108-095011,0.0,0.6928991606564696
88,20210108-095014,0.0,0.6928991606564696
89,20210108-095017,0.0,0.6928991606564696
90,20210108-095020,0.0,0.6928991606564696
91,20210108-095023,0.0,0.6928991606564696
92,20210108-095026,0.0,0.6928991606564696
93,20210108-095029,0.0,0.6928991606564696
94,20210108-095032,0.0,0.6928991606564696
95,20210108-095035,0.0,0.6928991606564696
96,20210108-095038,0.0,0.6928991606564696
97,20210108-095041,0.0,0.6928991606564696
98,20210108-095044,0.0,0.6928991606564696
99,20210108-095047,0.0,0.6928991606564696
100,20210108-095050,0.0,0.6928991606564696
101,20210108-095053,0.25,0.7364547308412123
102,20210108-095056,0.0,0.7364547308412123
103,20210108-095059,0.0,0.7364547308412123
104,20210108-095102,0.0,0.7364547308412123
105,20210108-095105,0.0,0.7364547308412123
106,20210108-095108,0.0,0.7364547308412123
107,20210108-095111,0.0,0.7364547308412123
108,20210108-095114,0.0,0.7364547308412123
109,20210108-095117,0.0,0.7364547308412123
110,20210108-095120,0.0,0.7364547308412123
111,20210108-095123,0.0,0.7364547308412123
112,20210108-095126,0.0,0.7364547308412123
113,20210108-095129,0.0,0.7364547308412123
114,20210108-095132,0.0,0.7364547308412123
115,20210108-095135,0.0,0.7364547308412123
116,20210108-095138,0.0,0.7364547308412123
117,20210108-095141,0.0,0.7364547308412123
118,20210108-095144,0.0,0.7364547308412123
119,20210108-095147,0.015,0.7364547308412123
120,20210108-095150,0.0,0.7364547308412123
121,20210108-095153,0.0,0.7364547308412123
122,20210108-095156,0.0,0.7364547308412123
123,20210108-095159,0.0,0.7364547308412123
124,20210108-095202,0.0,0.7364547308412123
125,20210108-095205,0.0,0.7364547308412123
126,20210108-095208,0.0,0.7364547308412123
127,20210108-095211,0.0,0.7364547308412123
128,20210108-095214,0.0,0.7364547308412123
129,20210108-095217,0.0,0.7364547308412123
130,20210108-095220,0.0,0.7364547308412123
131,20210108-095223,0.0,0.7364547308412123
132,20210108-095226,0.0,0.7364547308412123
133,20210108-095229,0.0,0.7364547308412123
134,20210108-095232,0.0,0.7364547308412123
135,20210108-095235,0.0,0.7364547308412123
136,20210108-095238,0.0,0.7364547308412123
137,20210108-095241,0.0,0.7364547308412123
138,20210108-095244,0.0,0.7364547308412123
139,20210108-095247,0.0,0.7364547308412123
140,20210108-095250,0.0,0.7364547308412123
141,20210108-095253,0.0,0.7364547308412123
142,20210108-095256,0.0,0.7364547308412123
143,20210108-095259,0.015,0.7364547308412123
144,20210108-095302,0.0,0.7364547308412123
145,20210108-095305,0.0,0.7364547308412123
146,20210108-095308,0.0,0.7364547308412123
147,20210108-095311,0.0,0.7364547308412123
148,20210108-095314,0.0,0.7364547308412123
149,20210108-095317,0.0,0.7364547308412123
150,20210108-095320,0.0,0.7364547308412123
151,20210108-095323,0.0,0.7364547308412123
152,20210108-095326,0.0,0.7364547308412123
153,20210108-095329,0.0,0.7364547308412123
154,20210108-095332,0.0,0.7364547308412123
155,20210108-095335,0.0,0.7364547308412123
156,20210108-095338,0.0,0.7364547308412123
157,20210108-095341,1.7,0.8777431218546026
158,20210108-095344,1.2,0.7984661540364724
159,20210108-095347,0.015,0.7984661540364724
160,20210108-095350,0.0,0.7984661540364724
161,20210108-095353,0.0,0.7984661540364724
162,20210108-095356,0.0,0.7984661540364724
163,20210108-095359,0.0,0.7984722270384502
164,20210108-095402,0.0,0.7984722270384502
165,20210108-095405,0.0,0.7984722270384502
166,20210108-095408,0.0,0.7984722270384502
167,20210108-095411,0.015,0.7984722270384502
168,20210108-095414,0.0,0.7984722270384502
169,20210108-095417,0.0,0.7984722270384502
170,20210108-095420,0.0,0.7984722270384502
171,20210108-095423,0.0,0.7984722270384502
172,20210108-095426,0.0,0.7984722270384502
173,20210108-095429,0.0,0.7984722270384502
174,20210108-095432,0.0,0.7984722270384502
175,20210108-095435,0.0,0.7984722270384502
176,20210108-095438,0.0,0.7984722270384502
177,20210108-095441,0.0,0.7984722270384502
178,20210108-095444,0.0,0.7984722270384502
179,20210108-095447,0.0,0.7984722270384502
180,20210108-095450,0.0,0.7984722270384502
181,20210108-095453,0.0,0.7984722270384502
182,20210108-095456,0.0,0.7984722270384502
183,20210108-095459,0.3,0.8555584456297189
184,20210108-095502,0.0,0.8555584456297189
185,20210108-095505,0.0,0.8555584456297189
186,20210108-095508,0.0,0.8555584456297189
187,20210108-095511,0.0,0.8555584456297189
188,20210108-095514,0.0,0.8555584456297189
189,20210108-095517,0.0,0.8555584456297189
190,20210108-095520,0.0,0.8555584456297189
191,20210108-095523,0.0,0.8555584456297189
192,20210108-095526,0.0,0.8555584456297189
193,20210108-095529,0.0,0.8555584456297189
194,20210108-095532,0.0,0.8555584456297189
195,20210108-095535,0.0,0.8555584456297189
196,20210108-095538,0.0,0.8555584456297189
197,20210108-095541,0.0,0.8555584456297189
198,20210108-095544,0.0,0.8555584456297189
199,20210108-095547,0.0,0.8555584456297189
200,20210108-095550,0.0,0.8555584456297189
201,20210108-095553,0.0,0.8555584456297189
202,20210108-095556,0.0,0.8555584456297189
203,20210108-095559,0.0,0.8555584456297189
204,20210108-095602,0.0,0.8555584456297189
205,20210108-095605,0.015,0.8555584456297189
206,20210108-095608,0.0,0.8555584456297189
207,20210108-095611,0.0,0.8555584456297189
208,20210108-095614,0.0,0.8555584456297189
209,20210108-095617,0.0,0.8555584456297189
210,20210108-095620,0.0,0.8555584456297189
211,20210108-095623,0.0,0.8555584456297189
212,20210108-095626,0.0,0.8555584456297189
213,20210108-095629,0.0,0.8555584456297189
214,20210108-095632,0.0,0.8555584456297189
215,20210108-095635,0.0,0.8555584456297189
216,20210108-095638,0.0,0.8555584456297189
217,20210108-095641,0.0,0.8555584456297189
218,20210108-095644,0.0,0.8555584456297189
219,20210108-095647,0.0,0.8555584456297189
220,20210108-095650,0.0,0.8555584456297189
221,20210108-095653,0.0,0.8555584456297189
222,20210108-095656,0.0,0.8555584456297189
223,20210108-095659,0.0,0.8555584456297189
224,20210108-095702,0.0,0.8555584456297189
225,20210108-095705,0.0,0.8555584456297189
226,20210108-095708,0.0,0.8555584456297189
227,20210108-095711,0.0,0.8555584456297189
228,20210108-095714,0.0,0.8555584456297189
229,20210108-095717,0.0,0.8555584456297189
230,20210108-095720,0.015,0.8555584456297189
231,20210108-095723,1.4,0.9705568110812368
232,20210108-095726,1.285,0.8241792444104546
233,20210108-095729,0.0,0.8241792444104546
234,20210108-095732,0.0,0.8241792444104546
235,20210108-095735,0.0,0.8241792444104546
236,20210108-095738,0.0,0.8241792444104546
237,20210108-095741,0.034999999999999996,0.8241792444104546
238,20210108-095744,0.0,0.8241792444104546
239,20210108-095747,0.0,0.8241792444104546
240,20210108-095750,0.015,0.8241792444104546
241,20210108-095753,0.0,0.8241792444104546
242,20210108-095756,0.0,0.8241792444104546
243,20210108-095759,0.0,0.8241792444104546
244,20210108-095802,0.0,0.8241792444104546
245,20210108-095805,0.0,0.8241792444104546
246,20210108-095808,0.0,0.8241792444104546
247,20210108-095811,0.0,0.8241792444104546
248,20210108-095814,0.0,0.8241792444104546
249,20210108-095817,0.0,0.8241792444104546
250,20210108-095820,0.0,0.8241792444104546
251,20210108-095823,0.0,0.8241792444104546
252,20210108-095826,0.0,0.8241792444104546
253,20210108-095829,0.23500000000000001,0.585437390659395
254,20210108-095832,0.0,0.585437390659395
255,20210108-095835,0.015,0.585437390659395
256,20210108-095838,0.0,0.585437390659395
257,20210108-095841,0.16499999999999998,0.5916865096945456
258,20210108-095844,0.0,0.5916865096945456
259,20210108-095847,0.015,0.5916865096945456
260,20210108-095850,0.0,0.5916865096945456
261,20210108-095853,0.0,0.5916865096945456
262,20210108-095856,0.015,0.5917168747044346
263,20210108-095859,0.015,0.5917168747044346
264,20210108-095902,0.015,0.5917168747044346
265,20210108-095905,0.0,0.5917168747044346
266,20210108-095908,0.0,0.5917168747044346
267,20210108-095911,0.0,0.5917168747044346
268,20210108-095914,0.015,0.5917168747044346
269,20210108-095917,0.0,0.5917168747044346
270,20210108-095920,0.0,0.5917168747044346
271,20210108-095923,0.0,0.5917168747044346
272,20210108-095926,0.0,0.5917168747044346
273,20210108-095929,0.0,0.5917168747044346
274,20210108-095932,0.015,0.5917168747044346
275,20210108-095935,0.0,0.5917168747044346
276,20210108-095938,0.0,0.5917168747044346
277,20210108-095941,0.0,0.5917168747044346
278,20210108-095944,0.015,0.5917168747044346
279,20210108-095947,0.0,0.5917168747044346
280,20210108-095950,0.0,0.5917168747044346
281,20210108-095953,0.015,0.5917168747044346
282,20210108-095956,0.28500000000000003,0.6497687006101727
283,20210108-095959,0.0,0.6497687006101727
284,20210108-100002,0.0,0.6497687006101727
285,20210108-100005,0.0,0.6497687006101727
286,20210108-100008,0.015,0.6497687006101727
287,20210108-100011,0.0,0.6497687006101727
288,20210108-100014,0.015,0.6497687006101727
289,20210108-100017,0.0,0.6497687006101727
290,20210108-100020,0.0,0.6497687006101727
291,20210108-100023,0.015,0.6497687006101727
292,20210108-100026,0.0,0.6497687006101727
293,20210108-100029,0.0,0.6497687006101727
294,20210108-100032,0.0,0.6497687006101727
295,20210108-100035,0.015,0.6497687006101727
296,20210108-100038,0.0,0.6497687006101727
297,20210108-100041,0.0,0.6497687006101727
298,20210108-100044,0.0,0.6497687006101727
299,20210108-100047,0.015,0.6497687006101727
300,20210108-100050,0.0,0.6497687006101727
301,20210108-100053,0.0,0.6497687006101727
302,20210108-100056,0.0,0.6497687006101727
303,20210108-100059,0.0,0.6497687006101727
304,20210108-100102,0.0,0.6497687006101727
305,20210108-100105,0.015,0.6497687006101727
306,20210108-100108,0.015,0.6497687006101727
307,20210108-100111,0.0,0.6497687006101727
308,20210108-100115,0.0,0.6497687006101727
309,20210108-100118,0.0,0.6497687006101727
310,20210108-100121,0.0,0.6497687006101727
311,20210108-100124,0.015,0.6497687006101727
312,20210108-100127,0.0,0.6497687006101727
313,20210108-100130,0.0,0.6497687006101727
314,20210108-100133,0.0,0.6497687006101727
315,20210108-100136,0.0,0.6497687006101727
316,20210108-100139,0.015,0.6497687006101727
317,20210108-100142,0.015,0.6497687006101727
318,20210108-100145,0.0,0.6497687006101727
319,20210108-100148,0.0,0.6497687006101727
320,20210108-100151,0.0,0.6497687006101727
321,20210108-100154,0.015,0.6497687006101727
322,20210108-100157,0.0,0.6497687006101727
323,20210108-100200,0.0,0.6497687006101727
324,20210108-100203,0.0,0.6497687006101727
325,20210108-100206,0.015,0.6497687006101727
326,20210108-100209,0.0,0.6497687006101727
327,20210108-100212,0.0,0.6497687006101727
328,20210108-100215,0.0,0.6497687006101727
329,20210108-100218,0.0,0.6497687006101727
330,20210108-100221,0.0,0.6497687006101727
331,20210108-100224,0.015,0.6497687006101727
332,20210108-100227,0.0,0.6497687006101727
333,20210108-100230,0.0,0.6497687006101727
334,20210108-100233,0.015,0.6497687006101727
335,20210108-100236,0.0,0.6497687006101727
336,20210108-100239,0.015,0.6497687006101727
337,20210108-100242,0.0,0.6497687006101727
338,20210108-100245,0.0,0.6497687006101727
339,20210108-100248,0.0,0.6497687006101727
340,20210108-100251,0.0,0.6497687006101727
341,20210108-100254,0.015,0.6497687006101727
342,20210108-100257,0.0,0.6497687006101727
343,20210108-100300,0.0,0.6497687006101727
344,20210108-100303,0.0,0.6497687006101727
345,20210108-100306,0.015,0.6497687006101727
346,20210108-100309,0.0,0.6497687006101727
347,20210108-100312,0.0,0.6497687006101727
348,20210108-100315,0.0,0.6497687006101727
349,20210108-100318,0.015,0.6497687006101727
350,20210108-100321,0.0,0.6497687006101727
351,20210108-100324,1.775,0.8005917047287006
352,20210108-100327,1.215,0.975664205744562
353,20210108-100330,0.0,0.975664205744562
354,20210108-100333,0.0,0.975664205744562
355,20210108-100336,0.0,0.975664205744562
356,20210108-100339,0.0,0.975664205744562
357,20210108-100342,0.034999999999999996,0.975664205744562
358,20210108-100345,0.0,0.975664205744562
359,20210108-100348,0.015,0.975664205744562
360,20210108-100351,0.0,0.975664205744562
361,20210108-100354,0.015,0.975664205744562
362,20210108-100357,0.0,0.975664205744562
363,20210108-100400,0.0,0.975664205744562
364,20210108-100403,0.0,0.975664205744562
365,20210108-100406,0.0,0.975664205744562
366,20210108-100409,0.015,0.975664205744562
367,20210108-100412,0.0,0.975664205744562
368,20210108-100415,0.0,0.975664205744562
369,20210108-100418,0.0,0.975664205744562
370,20210108-100421,0.015,0.975664205744562
371,20210108-100424,0.0,0.975664205744562
372,20210108-100427,0.0,0.975664205744562
373,20210108-100430,0.0,0.975664205744562
374,20210108-100433,0.0,0.975664205744562
375,20210108-100436,0.015,0.975664205744562
376,20210108-100439,0.0,0.975664205744562
377,20210108-100442,0.28500000000000003,0.9873486615498386
378,20210108-100445,0.015,0.9873486615498386
379,20210108-100448,0.0,0.9873486615498386
380,20210108-100451,0.0,0.9873486615498386
381,20210108-100454,0.0,0.9873486615498386
382,20210108-100457,0.0,0.9873486615498386
383,20210108-100500,0.0,0.9873486615498386
384,20210108-100503,0.015,0.9873486615498386
385,20210108-100506,0.015,0.9873486615498386
386,20210108-100509,0.0,0.9873486615498386
387,20210108-100512,0.0,0.9873486615498386
388,20210108-100515,0.0,0.9873486615498386
389,20210108-100518,0.015,0.9873486615498386
390,20210108-100521,0.0,0.9873486615498386
391,20210108-100524,0.0,0.9873486615498386
392,20210108-100527,0.0,0.9873486615498386
393,20210108-100530,0.015,0.9873486615498386
394,20210108-100533,0.0,0.9873486615498386
395,20210108-100536,0.0,0.9873486615498386
396,20210108-100539,0.0,0.9873486615498386
397,20210108-100542,0.0,0.9873486615498386
398,20210108-100545,0.015,0.9873486615498386
399,20210108-100548,0.0,0.9873486615498386
400,20210108-100551,0.0,0.9873486615498386
401,20210108-100554,0.0,0.9873486615498386
402,20210108-100557,0.015,0.9873486615498386
403,20210108-100600,0.0,0.9873486615498386
404,20210108-100603,0.0,0.9873486615498386
405,20210108-100606,0.0,0.9873486615498386
406,20210108-100609,0.015,0.9873486615498386
407,20210108-100612,0.0,0.9873486615498386
408,20210108-100615,0.0,0.9873486615498386
409,20210108-100618,0.015,0.9873486615498386
410,20210108-100621,0.0,0.9873486615498386
411,20210108-100624,0.0,0.9873486615498386
412,20210108-100627,0.0,0.9873486615498386
413,20210108-100630,0.015,0.9873486615498386
414,20210108-100633,0.0,0.9873486615498386
415,20210108-100636,0.0,0.9873486615498386
416,20210108-100639,0.0,0.9873486615498386
417,20210108-100642,0.015,0.9873486615498386
418,20210108-100645,0.0,0.9873486615498386
419,20210108-100648,0.0,0.9873486615498386
420,20210108-100651,0.0,0.9873486615498386
421,20210108-100654,0.015,0.9873547345518164
422,20210108-100657,0.0,0.9873547345518164
423,20210108-100700,0.0,0.9873547345518164
424,20210108-100703,0.0,0.9873547345518164
425,20210108-100706,0.0,0.9873547345518164
426,20210108-100709,0.015,0.9873547345518164
427,20210108-100712,0.0,0.9873547345518164
428,20210108-100715,0.0,0.9873547345518164
429,20210108-100718,0.015,0.9873547345518164
430,20210108-100721,0.0,0.9873547345518164
431,20210108-100724,0.0,0.9873547345518164
432,20210108-100727,0.0,0.9873547345518164
433,20210108-100730,0.015,0.9873547345518164
434,20210108-100733,0.0,0.9873547345518164
435,20210108-100736,0.0,0.9873547345518164
436,20210108-100739,0.015,0.9873547345518164
437,20210108-100742,0.0,0.9873547345518164
438,20210108-100745,0.0,0.9873547345518164
439,20210108-100748,0.0,0.9873547345518164
440,20210108-100751,0.015,0.9873547345518164
441,20210108-100754,0.0,0.9873547345518164
442,20210108-100757,0.0,0.9873547345518164
443,20210108-100800,0.0,0.9873547345518164
444,20210108-100803,3.2299999999999995,1.0135050810681996
445,20210108-100806,0.1,1.0135111540701776
446,20210108-100809,0.0,1.0135111540701776
447,20210108-100812,0.0,1.0135111540701776
448,20210108-100815,0.0,1.0135111540701776
449,20210108-100818,0.015,1.0135111540701776
450,20210108-100821,0.015,1.0135111540701776
451,20210108-100824,0.0,1.0135111540701776
452,20210108-100827,0.015,1.0135111540701776
453,20210108-100830,0.0,1.0135111540701776
454,20210108-100833,0.0,1.0135111540701776
455,20210108-100836,0.0,1.0135111540701776
456,20210108-100839,0.015,1.0135111540701776
457,20210108-100842,0.0,1.0135111540701776
458,20210108-100845,0.0,1.0135111540701776
459,20210108-100848,0.0,1.0135111540701776
460,20210108-100851,0.0,1.0135111540701776
461,20210108-100854,0.015,1.0135111540701776
462,20210108-100857,0.0,1.0135111540701776
463,20210108-100900,0.0,1.0135111540701776
464,20210108-100903,0.0,1.0135111540701776
465,20210108-100906,0.034999999999999996,1.0135111540701776
466,20210108-100909,0.0,1.0135111540701776
467,20210108-100912,0.0,1.0135111540701776
468,20210108-100915,0.0,1.0135111540701776
469,20210108-100918,0.0,1.0135111540701776
470,20210108-100921,0.28500000000000003,1.0226145840348917
471,20210108-100924,0.0,1.0226145840348917
472,20210108-100927,0.0,1.0226145840348917
473,20210108-100930,0.015,1.0226145840348917
474,20210108-100933,0.0,1.0226145840348917
475,20210108-100936,0.0,1.0226145840348917
476,20210108-100939,0.0,1.0226145840348917
477,20210108-100942,0.0,1.0226145840348917
478,20210108-100945,0.0,1.0226145840348917
479,20210108-100948,0.015,1.0226145840348917
480,20210108-100951,0.015,1.0226145840348917
481,20210108-100954,0.0,1.0226145840348917
482,20210108-100957,0.0,1.0226145840348917
483,20210108-101000,0.0,1.0226145840348917
484,20210108-101003,0.0,1.0226145840348917
485,20210108-101006,0.015,1.0226145840348917
486,20210108-101009,0.0,1.0226145840348917
487,20210108-101012,0.0,1.0226145840348917
488,20210108-101015,0.0,1.0226145840348917
489,20210108-101018,0.015,1.0226145840348917
490,20210108-101021,0.0,1.0226145840348917
491,20210108-101024,0.0,1.0226145840348917
492,20210108-101027,0.0,1.0226145840348917
493,20210108-101030,0.015,1.0226145840348917
494,20210108-101033,0.0,1.0226145840348917
495,20210108-101036,0.0,1.0226145840348917
496,20210108-101039,0.0,1.0226145840348917
497,20210108-101042,0.015,1.0226145840348917
498,20210108-101045,0.0,1.0226145840348917
499,20210108-101048,0.0,1.0226145840348917
500,20210108-101051,0.0,1.0226145840348917
501,20210108-101054,0.0,1.0226145840348917
502,20210108-101057,0.015,1.0226145840348917
503,20210108-101100,0.015,1.0226145840348917
504,20210108-101103,0.0,1.0226145840348917
505,20210108-101106,0.0,1.0226145840348917
506,20210108-101109,0.0,1.0226145840348917
507,20210108-101112,0.0,1.0226145840348917
508,20210108-101115,0.015,1.0226145840348917
509,20210108-101118,0.0,1.0226145840348917
510,20210108-101121,0.0,1.0226145840348917
511,20210108-101124,0.0,1.0226145840348917
512,20210108-101127,0.015,1.0226145840348917
513,20210108-101130,0.0,1.0226145840348917
514,20210108-101133,0.0,1.0226145840348917
515,20210108-101136,0.0,1.0226145840348917
516,20210108-101139,0.0,1.0226145840348917
517,20210108-101142,0.015,1.0226145840348917
518,20210108-101145,0.0,1.0226145840348917
519,20210108-101148,0.0,1.0226145840348917
520,20210108-101151,0.015,1.0226145840348917
521,20210108-101154,0.0,1.0226145840348917
522,20210108-101157,0.015,1.0226145840348917
523,20210108-101200,0.0,1.0226145840348917
524,20210108-101203,0.015,1.0226145840348917
525,20210108-101206,0.0,1.0226145840348917
526,20210108-101209,0.0,1.0226145840348917
527,20210108-101212,0.0,1.0226145840348917
528,20210108-101215,0.015,1.0226145840348917
529,20210108-101218,0.0,1.0226145840348917
530,20210108-101221,0.0,1.0226145840348917
531,20210108-101224,0.0,1.0226145840348917
532,20210108-101227,0.0,1.0226145840348917
533,20210108-101230,0.0,1.0226145840348917
534,20210108-101233,0.0,1.0226145840348917
535,20210108-101236,0.015,1.0226145840348917
536,20210108-101239,0.015,1.0226145840348917
537,20210108-101242,0.0,1.0226145840348917
538,20210108-101245,0.0,1.0226145840348917
539,20210108-101248,0.0,1.0226145840348917
540,20210108-101251,0.015,1.0226145840348917
541,20210108-101254,0.0,1.0226145840348917
542,20210108-101257,0.0,1.0226145840348917
543,20210108-101300,0.0,1.0226145840348917
544,20210108-101303,0.0,1.0226145840348917
545,20210108-101306,0.015,1.0226145840348917
546,20210108-101309,0.0,1.0226145840348917
547,20210108-101312,0.0,1.0226145840348917
548,20210108-101315,3.3600000000000003,0.9801643002101076
549,20210108-101318,0.015,0.9801643002101076
550,20210108-101321,0.0,0.9801643002101076
551,20210108-101324,0.0,0.9801643002101076
552,20210108-101327,0.0,0.9801643002101076
553,20210108-101330,0.0,0.9801643002101076
554,20210108-101333,0.05,0.9801643002101076
555,20210108-101336,0.0,0.9801643002101076
556,20210108-101339,0.0,0.9801643002101076
557,20210108-101342,0.0,0.9801643002101076
558,20210108-101345,0.0,0.9801643002101076
559,20210108-101348,0.015,0.9801643002101076
560,20210108-101351,0.0,0.9801643002101076
561,20210108-101354,0.0,0.9801643002101076
562,20210108-101357,0.0,0.9801643002101076
563,20210108-101400,0.015,0.9801643002101076
564,20210108-101403,0.0,0.9801643002101076
565,20210108-101406,0.0,0.9801643002101076
566,20210108-101409,0.0,0.9801643002101076
567,20210108-101412,0.015,0.9801643002101076
568,20210108-101415,0.0,0.9801643002101076
569,20210108-101418,0.0,0.9801643002101076
570,20210108-101421,0.0,0.9801643002101076
571,20210108-101424,0.0,0.9801643002101076
572,20210108-101427,0.015,0.9801643002101076
573,20210108-101430,0.0,0.9801643002101076
574,20210108-101433,0.335,1.0015048291600777
575,20210108-101436,0.0,1.0015048291600777
576,20210108-101439,0.015,1.0015048291600777
577,20210108-101442,0.0,1.0015048291600777
578,20210108-101445,0.0,1.0015048291600777
579,20210108-101448,0.0,1.0015048291600777
580,20210108-101451,0.015,1.0015048291600777
581,20210108-101454,0.0,1.0015048291600777
582,20210108-101457,0.0,1.0015048291600777
583,20210108-101500,0.0,1.0015048291600777
584,20210108-101503,0.0,1.0015048291600777
585,20210108-101506,0.015,1.0015048291600777
586,20210108-101509,0.0,1.0015048291600777
587,20210108-101512,0.0,1.0015048291600777
588,20210108-101515,0.015,1.0015048291600777
589,20210108-101518,0.0,1.0015048291600777
590,20210108-101521,0.0,1.0015048291600777
591,20210108-101524,0.0,1.0015048291600777
592,20210108-101527,0.0,1.0015048291600777
593,20210108-101530,0.034999999999999996,1.0015048291600777
594,20210108-101533,0.0,1.0015048291600777
595,20210108-101536,0.0,1.0015048291600777
596,20210108-101539,0.0,1.0015048291600777
597,20210108-101542,0.0,1.0015048291600777
598,20210108-101545,0.0,1.0015048291600777
599,20210108-101548,0.015,1.0015048291600777
600,20210108-101551,0.0,1.0015048291600777
601,20210108-101554,0.015,1.0015048291600777
602,20210108-101557,0.0,1.0015048291600777
603,20210108-101600,0.0,1.0015048291600777
604,20210108-101603,0.0,1.0015048291600777
605,20210108-101606,0.015,1.0015048291600777
606,20210108-101609,0.0,1.0015048291600777
607,20210108-101612,0.0,1.0015048291600777
608,20210108-101615,0.0,1.0015048291600777
609,20210108-101618,0.0,1.0015048291600777
610,20210108-101621,0.0,1.0015048291600777
611,20210108-101624,0.0,1.0015048291600777
612,20210108-101627,0.034999999999999996,1.0015048291600777
613,20210108-101630,0.0,1.0015048291600777
614,20210108-101633,0.0,1.0015048291600777
615,20210108-101636,0.0,1.0015048291600777
616,20210108-101639,0.0,1.0015048291600777
617,20210108-101642,0.0,1.0015048291600777
618,20210108-101645,0.0,1.0015048291600777
619,20210108-101648,0.015,1.0015048291600777
620,20210108-101651,0.0,1.0015048291600777
621,20210108-101654,0.0,1.0015048291600777
622,20210108-101657,0.0,1.0015048291600777
623,20210108-101700,0.0,1.0015048291600777
624,20210108-101703,0.015,1.0015048291600777
625,20210108-101706,0.0,1.0015048291600777
626,20210108-101709,0.0,1.0015048291600777
627,20210108-101712,0.015,1.0015048291600777
628,20210108-101715,0.015,1.0015048291600777
629,20210108-101718,0.0,1.0015048291600777
630,20210108-101721,0.0,1.0015048291600777
631,20210108-101724,0.0,1.0015048291600777
632,20210108-101727,0.0,1.0015048291600777
633,20210108-101730,0.0,1.0015048291600777
634,20210108-101733,0.015,1.0015048291600777
635,20210108-101736,0.0,1.0015048291600777
636,20210108-101739,0.0,1.0015048291600777
637,20210108-101742,0.015,1.0015048291600777
638,20210108-101745,0.0,1.0015048291600777
639,20210108-101748,0.365,1.0310013997662255
640,20210108-101751,2.85,0.9278089501595408
641,20210108-101754,0.0,0.9278089501595408
642,20210108-101757,0.0,0.9278089501595408
643,20210108-101800,0.015,0.9278089501595408
644,20210108-101803,0.0,0.9278089501595408
645,20210108-101806,0.034999999999999996,0.9278089501595408
646,20210108-101809,0.0,0.9278089501595408
647,20210108-101812,0.015,0.9278089501595408
648,20210108-101815,0.0,0.9278089501595408
649,20210108-101818,0.0,0.9278089501595408
650,20210108-101821,0.0,0.9278089501595408
651,20210108-101824,0.015,0.9278089501595408
652,20210108-101827,0.0,0.9278089501595408
653,20210108-101830,0.0,0.9278089501595408
654,20210108-101833,0.0,0.9278089501595408
655,20210108-101836,0.015,0.9278089501595408
656,20210108-101839,0.0,0.9278089501595408
657,20210108-101842,0.0,0.9278089501595408
658,20210108-101845,0.0,0.9278089501595408
659,20210108-101848,0.015,0.9278089501595408
660,20210108-101851,0.0,0.9278089501595408
661,20210108-101854,0.0,0.9278089501595408
662,20210108-101857,0.0,0.9278089501595408
663,20210108-101900,0.015,0.9278089501595408
664,20210108-101903,0.0,0.9278089501595408
665,20210108-101906,0.3,0.9652429343506664
666,20210108-101909,0.0,0.9652429343506664
667,20210108-101912,0.0,0.9652429343506664
668,20210108-101915,0.015,0.9652429343506664
669,20210108-101918,0.0,0.9652429343506664
670,20210108-101921,0.0,0.9652429343506664
671,20210108-101924,0.0,0.9652429343506664
672,20210108-101927,0.015,0.9652429343506664
673,20210108-101930,0.0,0.9652429343506664
674,20210108-101933,0.0,0.9652429343506664
675,20210108-101936,0.0,0.9652429343506664
676,20210108-101939,0.0,0.9652429343506664
677,20210108-101942,0.015,0.9652429343506664
678,20210108-101945,0.0,0.9652429343506664
679,20210108-101948,0.0,0.9652429343506664
680,20210108-101951,0.015,0.9652429343506664
681,20210108-101954,0.0,0.9652429343506664
682,20210108-101957,0.0,0.9652429343506664
683,20210108-102000,0.0,0.9652429343506664
684,20210108-102003,0.015,0.9652429343506664
685,20210108-102006,0.0,0.9652429343506664
686,20210108-102009,0.0,0.9652429343506664
687,20210108-102012,0.0,0.9652429343506664
688,20210108-102015,0.0,0.9652429343506664
689,20210108-102018,0.0,0.9652429343506664
690,20210108-102021,0.015,0.9652429343506664
691,20210108-102025,0.0,0.9652429343506664
692,20210108-102028,0.0,0.9652429343506664
693,20210108-102031,0.0,0.9652429343506664
694,20210108-102034,0.015,0.9652429343506664
695,20210108-102037,0.0,0.9652429343506664
696,20210108-102040,0.0,0.9652429343506664
697,20210108-102043,0.0,0.9652429343506664
698,20210108-102046,0.015,0.9652429343506664
699,20210108-102049,0.0,0.9652429343506664
700,20210108-102052,0.0,0.9652429343506664
701,20210108-102055,0.015,0.9652429343506664
702,20210108-102058,0.0,0.9652429343506664
703,20210108-102101,0.0,0.9652429343506664
704,20210108-102104,0.0,0.9652429343506664
705,20210108-102107,0.0,0.9652429343506664
706,20210108-102110,0.015,0.9652429343506664
707,20210108-102113,0.015,0.9652429343506664
708,20210108-102116,0.0,0.9652429343506664
709,20210108-102119,0.0,0.9652429343506664
710,20210108-102122,0.0,0.9652429343506664
711,20210108-102125,0.0,0.9652429343506664
712,20210108-102128,0.0,0.9652429343506664
713,20210108-102131,0.0,0.9652429343506664
714,20210108-102134,0.015,0.9652429343506664
715,20210108-102137,0.015,0.9652429343506664
716,20210108-102140,2.58,0.9335479370285568
717,20210108-102143,0.034999999999999996,0.9335479370285568
718,20210108-102146,0.0,0.9335479370285568
719,20210108-102149,0.0,0.9335479370285568
720,20210108-102152,0.0,0.9335479370285568
721,20210108-102155,0.034999999999999996,0.9335479370285568
722,20210108-102158,0.0,0.9335479370285568
723,20210108-102201,0.0,0.9335479370285568
724,20210108-102204,0.0,0.9335479370285568
725,20210108-102207,0.015,0.9335479370285568
726,20210108-102210,0.0,0.9335479370285568
727,20210108-102213,0.0,0.9335479370285568
728,20210108-102216,0.0,0.9335479370285568
729,20210108-102219,0.015,0.9335479370285568
730,20210108-102222,0.0,0.9335479370285568
731,20210108-102225,0.0,0.9335479370285568
732,20210108-102228,0.015,0.9335479370285568
733,20210108-102231,0.0,0.9335479370285568
734,20210108-102234,0.0,0.9335479370285568
735,20210108-102237,0.0,0.9335479370285568
736,20210108-102240,0.0,0.9335479370285568
737,20210108-102243,0.0,0.9335479370285568
738,20210108-102246,0.0,0.9335479370285568
739,20210108-102249,0.015,0.9335479370285568
740,20210108-102252,0.0,0.9335479370285568
741,20210108-102255,0.315,0.9411391895007998
742,20210108-102258,0.015,0.9411391895007998
743,20210108-102301,0.0,0.9411391895007998
744,20210108-102304,0.0,0.9411391895007998
745,20210108-102307,0.015,0.9411391895007998
746,20210108-102310,0.0,0.9411391895007998
747,20210108-102313,0.0,0.9411391895007998
748,20210108-102316,0.0,0.9411391895007998
749,20210108-102319,0.015,0.9411391895007998
750,20210108-102322,0.0,0.9411391895007998
751,20210108-102325,0.0,0.9411391895007998
752,20210108-102328,0.0,0.9411391895007998
753,20210108-102331,0.0,0.9411391895007998
754,20210108-102334,0.015,0.9411391895007998
755,20210108-102337,0.0,0.9411391895007998
756,20210108-102340,0.0,0.9411391895007998
757,20210108-102343,0.0,0.9411391895007998
758,20210108-102346,0.0,0.9411391895007998
759,20210108-102349,0.015,0.9411391895007998
760,20210108-102352,0.0,0.9411391895007998
761,20210108-102355,0.0,0.9411391895007998
762,20210108-102358,0.0,0.9411391895007998
763,20210108-102401,0.034999999999999996,0.9411391895007998
764,20210108-102404,0.0,0.9411391895007998
765,20210108-102407,0.0,0.9411391895007998
766,20210108-102410,0.0,0.9411391895007998
767,20210108-102413,0.015,0.9411391895007998
768,20210108-102416,0.0,0.9411391895007998
769,20210108-102419,0.0,0.9411391895007998
770,20210108-102422,0.0,0.9411391895007998
771,20210108-102425,0.015,0.9411391895007998
772,20210108-102428,0.0,0.9411391895007998
773,20210108-102431,0.0,0.9411391895007998
774,20210108-102434,0.0,0.9411391895007998
775,20210108-102437,0.015,0.9411391895007998
776,20210108-102440,0.0,0.9411391895007998
777,20210108-102443,0.0,0.9411391895007998
778,20210108-102446,0.0,0.9411391895007998
779,20210108-102449,0.015,0.9411391895007998
780,20210108-102452,0.0,0.9411391895007998
781,20210108-102455,0.0,0.9411391895007998
782,20210108-102458,0.0,0.9411391895007998
783,20210108-102501,0.0,0.9411391895007998
784,20210108-102504,0.0,0.9411391895007998
785,20210108-102507,0.015,0.9411391895007998
786,20210108-102510,0.0,0.9411391895007998
787,20210108-102513,0.0,0.9411391895007998
788,20210108-102516,0.015,0.9411391895007998
789,20210108-102519,0.0,0.9411391895007998
790,20210108-102522,0.0,0.9411391895007998
791,20210108-102525,0.0,0.9411391895007998
792,20210108-102528,0.015,0.9411391895007998
793,20210108-102531,0.0,0.9411391895007998
794,20210108-102534,0.0,0.9411391895007998
795,20210108-102537,0.0,0.9411391895007998
796,20210108-102540,0.0,0.9411391895007998
797,20210108-102543,0.0,0.9411391895007998
798,20210108-102546,0.015,0.9411391895007998
799,20210108-102549,0.0,0.9411391895007998
800,20210108-102552,0.015,0.9411391895007998
801,20210108-102555,1.05,1.0309953267642482
802,20210108-102558,1.9149999999999998,0.9467081323144376
803,20210108-102601,0.0,0.9467081323144376
804,20210108-102604,0.0,0.9467081323144376
805,20210108-102607,0.015,0.9467081323144376
806,20210108-102610,0.0,0.9467081323144376
807,20210108-102613,0.034999999999999996,0.9467081323144376
808,20210108-102616,0.0,0.9467081323144376
809,20210108-102619,0.015,0.9467081323144376
810,20210108-102622,0.0,0.9467081323144376
811,20210108-102625,0.0,0.9467081323144376
812,20210108-102628,0.0,0.9467081323144376
813,20210108-102631,0.015,0.9467081323144376
814,20210108-102634,0.0,0.9467081323144376
815,20210108-102637,0.0,0.9467081323144376
816,20210108-102640,0.0,0.9467081323144376
817,20210108-102643,0.015,0.9467081323144376
818,20210108-102646,0.0,0.9467081323144376
819,20210108-102649,0.0,0.9467081323144376
820,20210108-102652,0.0,0.9467081323144376
821,20210108-102655,0.015,0.9467081323144376
822,20210108-102658,0.0,0.9467081323144376
823,20210108-102701,0.0,0.9467081323144376
824,20210108-102704,0.0,0.9467081323144376
825,20210108-102707,0.015,0.9467081323144376
826,20210108-102710,0.0,0.9467081323144376
827,20210108-102713,0.3,0.9467081323144376
828,20210108-102716,0.0,0.9467081323144376
829,20210108-102719,0.0,0.9467081323144376
830,20210108-102722,0.015,0.9467081323144376
831,20210108-102725,0.0,0.9467081323144376
832,20210108-102728,0.0,0.9467081323144376
833,20210108-102731,0.0,0.9467081323144376
834,20210108-102734,0.015,0.9467081323144376
835,20210108-102737,0.0,0.9467081323144376
836,20210108-102740,0.0,0.9467081323144376
837,20210108-102743,0.0,0.9467081323144376
838,20210108-102746,0.015,0.9467081323144376
839,20210108-102749,0.0,0.9467081323144376
840,20210108-102752,0.0,0.9467081323144376
841,20210108-102755,0.0,0.9467081323144376
842,20210108-102758,0.0,0.9467081323144376
843,20210108-102801,0.015,0.9467081323144376
844,20210108-102804,0.0,0.9467081323144376
845,20210108-102807,0.0,0.9467081323144376
846,20210108-102810,0.0,0.9467081323144376
847,20210108-102813,0.0,0.9467081323144376
848,20210108-102816,0.015,0.9467081323144376
849,20210108-102819,0.015,0.9467081323144376
850,20210108-102822,0.0,0.9467081323144376
851,20210108-102825,0.0,0.9467081323144376
852,20210108-102828,0.0,0.9467081323144376
853,20210108-102831,0.0,0.9467081323144376
854,20210108-102834,0.0,0.9467081323144376
855,20210108-102837,0.015,0.9467081323144376
856,20210108-102840,0.0,0.9467081323144376
857,20210108-102843,0.015,0.9467081323144376
858,20210108-102846,0.0,0.9467081323144376
859,20210108-102849,0.0,0.9467081323144376
860,20210108-102852,0.0,0.9467081323144376
861,20210108-102855,0.0,0.9467081323144376
862,20210108-102858,0.015,0.9467081323144376
863,20210108-102901,0.0,0.9467081323144376
864,20210108-102904,0.0,0.9467081323144376
865,20210108-102907,0.0,0.9467081323144376
866,20210108-102910,0.015,0.9467081323144376
867,20210108-102913,0.0,0.9467081323144376
868,20210108-102916,0.0,0.9467081323144376
869,20210108-102919,0.0,0.9467081323144376
870,20210108-102922,0.015,0.9467081323144376
871,20210108-102925,0.0,0.9467081323144376
872,20210108-102928,0.0,0.9467081323144376
873,20210108-102931,0.0,0.9467081323144376
874,20210108-102934,0.0,0.9467081323144376
875,20210108-102937,0.015,0.9467081323144376
876,20210108-102940,0.0,0.9467081323144376
877,20210108-102943,0.0,0.9467081323144376
878,20210108-102946,0.0,0.9467081323144376
879,20210108-102949,0.015,0.9467081323144376
880,20210108-102952,0.0,0.9467081323144376
881,20210108-102955,0.0,0.9467081323144376
882,20210108-102958,0.0,0.9467081323144376
883,20210108-103001,0.015,0.9467081323144376
884,20210108-103004,0.0,0.9467081323144376
885,20210108-103007,3.0,0.9892070001550438
886,20210108-103010,0.0,0.9892070001550438
887,20210108-103013,0.0,0.9892070001550438
888,20210108-103016,0.0,0.9892070001550438
889,20210108-103019,0.015,0.9892070001550438
890,20210108-103022,0.034999999999999996,0.9892070001550438
891,20210108-103025,0.0,0.9892070001550438
892,20210108-103028,0.0,0.9892070001550438
893,20210108-103031,0.0,0.9892070001550438
894,20210108-103034,0.015,0.9892070001550438
895,20210108-103037,0.0,0.9892070001550438
896,20210108-103040,0.0,0.9892070001550438
897,20210108-103043,0.0,0.9892070001550438
898,20210108-103046,0.0,0.9892070001550438
899,20210108-103049,0.0,0.9892070001550438
900,20210108-103052,0.0,0.9892070001550438
901,20210108-103055,0.015,0.9892070001550438
902,20210108-103058,0.0,0.9892070001550438
903,20210108-103101,0.0,0.9892070001550438
904,20210108-103104,0.0,0.9892070001550438
905,20210108-103107,0.015,0.9892070001550438
906,20210108-103110,0.0,0.9892070001550438
907,20210108-103113,0.0,0.9892070001550438
908,20210108-103116,0.015,0.9892070001550438
909,20210108-103119,0.0,0.9892070001550438
910,20210108-103122,0.365,0.9968589826470649
911,20210108-103125,0.0,0.9968589826470649
912,20210108-103128,0.015,0.9968589826470649
913,20210108-103131,0.0,0.9968589826470649
914,20210108-103134,0.0,0.9968589826470649
915,20210108-103137,0.0,0.9968589826470649
916,20210108-103140,0.0,0.9968589826470649
917,20210108-103143,0.015,0.9968589826470649
918,20210108-103146,0.0,0.9968589826470649
919,20210108-103149,0.0,0.9968589826470649
920,20210108-103152,0.0,0.9968589826470649
921,20210108-103155,0.015,0.9968589826470649
922,20210108-103158,0.0,0.9968589826470649
923,20210108-103201,0.0,0.9968589826470649
924,20210108-103204,0.0,0.9968589826470649
925,20210108-103207,0.015,0.9968589826470649
926,20210108-103210,0.0,0.9968589826470649
927,20210108-103213,0.0,0.9968589826470649
928,20210108-103216,0.0,0.9968589826470649
929,20210108-103219,0.015,0.9968589826470649
930,20210108-103222,0.0,0.9968589826470649
931,20210108-103225,0.0,0.9968589826470649
932,20210108-103228,0.0,0.9968589826470649
933,20210108-103231,0.015,0.9968589826470649
934,20210108-103234,0.0,0.9968589826470649
935,20210108-103237,0.0,0.9968589826470649
936,20210108-103240,0.0,0.9968589826470649
937,20210108-103243,0.0,0.9968589826470649
938,20210108-103246,0.015,0.9968589826470649
939,20210108-103249,0.0,0.9968589826470649
940,20210108-103252,0.015,0.9968589826470649
941,20210108-103255,0.0,0.9968589826470649
942,20210108-103258,0.0,0.9968589826470649
943,20210108-103301,0.0,0.9968589826470649
944,20210108-103304,0.0,0.9968589826470649
945,20210108-103307,0.015,0.9968589826470649
946,20210108-103310,0.0,0.9968589826470649
947,20210108-103313,0.0,0.9968589826470649
948,20210108-103316,0.0,0.9968589826470649
949,20210108-103319,0.0,0.9968589826470649
950,20210108-103322,0.0,0.9968589826470649
951,20210108-103325,0.034999999999999996,0.9968589826470649
952,20210108-103328,0.0,0.9968589826470649
953,20210108-103331,0.0,0.9968589826470649
954,20210108-103334,2.3649999999999998,0.9420440667954912
955,20210108-103337,0.0,0.9420440667954912
956,20210108-103340,0.0,0.9420440667954912
957,20210108-103343,0.015,0.9420440667954912
958,20210108-103346,0.0,0.9420440667954912
959,20210108-103349,0.034999999999999996,0.9420440667954912
960,20210108-103352,0.0,0.9420440667954912
961,20210108-103355,0.0,0.9420440667954912
962,20210108-103358,0.0,0.9420440667954912
963,20210108-103401,0.015,0.9420440667954912
964,20210108-103404,0.0,0.9420440667954912
965,20210108-103407,0.015,0.9420440667954912
966,20210108-103410,0.0,0.9420440667954912
967,20210108-103413,0.0,0.9420440667954912
968,20210108-103416,0.0,0.9420440667954912
969,20210108-103419,0.0,0.9420440667954912
970,20210108-103422,0.015,0.9420440667954912
971,20210108-103425,0.0,0.9420440667954912
972,20210108-103428,0.0,0.9420440667954912
973,20210108-103431,0.015,0.9420440667954912
974,20210108-103434,0.0,0.9420440667954912
975,20210108-103437,0.0,0.9420440667954912
976,20210108-103440,0.0,0.9420440667954912
977,20210108-103443,0.0,0.9420440667954912
978,20210108-103446,0.0,0.9420440667954912
979,20210108-103449,0.315,0.9708786801860596
980,20210108-103452,0.0,0.9708786801860596
981,20210108-103455,0.0,0.9708786801860596
982,20210108-103458,0.015,0.9708786801860596
983,20210108-103501,0.0,0.9708786801860596
984,20210108-103504,0.0,0.9708786801860596
985,20210108-103507,0.0,0.9708786801860596
986,20210108-103510,0.015,0.9708786801860596
987,20210108-103513,0.0,0.9708786801860596
988,20210108-103516,0.0,0.9708786801860596
989,20210108-103519,0.0,0.9708786801860596
990,20210108-103522,0.015,0.9708786801860596
991,20210108-103525,0.0,0.9708786801860596
992,20210108-103528,0.015,0.9708786801860596
993,20210108-103531,0.0,0.9708786801860596
994,20210108-103534,0.0,0.9708786801860596
995,20210108-103537,0.015,0.9708786801860596
996,20210108-103540,0.0,0.9708786801860596
997,20210108-103543,0.0,0.9708786801860596
998,20210108-103546,0.0,0.9708786801860596
999,20210108-103549,0.0,0.9708786801860596
1000,20210108-103552,0.0,0.9708786801860596
1001,20210108-103555,0.034999999999999996,0.9708786801860596
1002,20210108-103558,0.0,0.9708786801860596
1003,20210108-103601,0.0,0.9708786801860596
1004,20210108-103604,0.0,0.9708786801860596
1005,20210108-103607,0.015,0.9708786801860596
1006,20210108-103610,0.0,0.9708786801860596
1007,20210108-103613,0.0,0.9708786801860596
1008,20210108-103616,0.0,0.9708786801860596
1009,20210108-103619,0.015,0.9708786801860596
1010,20210108-103622,0.0,0.9708786801860596
1011,20210108-103625,0.0,0.9708786801860596
1012,20210108-103628,0.0,0.9708786801860596
1013,20210108-103631,0.0,0.9708786801860596
1014,20210108-103634,0.0,0.9708786801860596
1015,20210108-103637,0.015,0.9708786801860596
1016,20210108-103640,0.0,0.9708786801860596
1017,20210108-103643,0.0,0.9708786801860596
1018,20210108-103646,0.0,0.9708786801860596
1019,20210108-103649,0.0,0.9708786801860596
1020,20210108-103652,0.015,0.9708786801860596
1021,20210108-103655,0.0,0.9708786801860596
1022,20210108-103658,0.015,0.9708786801860596
1023,20210108-103701,0.0,0.9708786801860596
1024,20210108-103704,0.0,0.9708786801860596
1025,20210108-103707,0.015,0.9708786801860596
1026,20210108-103710,0.0,0.9708786801860596
1027,20210108-103713,0.0,0.9708786801860596
1028,20210108-103716,0.0,0.9708786801860596
1029,20210108-103719,0.0,0.9708786801860596
1030,20210108-103722,0.015,0.9708786801860596
1031,20210108-103725,0.0,0.9708786801860596
1032,20210108-103728,0.0,0.9708786801860596
1033,20210108-103731,0.9349999999999999,1.0458498896019337
1034,20210108-103734,1.6800000000000002,0.949471348214334
1035,20210108-103737,0.0,0.949471348214334
1036,20210108-103740,0.0,0.949471348214334
1037,20210108-103743,0.015,0.949471348214334
1038,20210108-103746,0.0,0.949471348214334
1039,20210108-103749,0.015,0.949471348214334
1040,20210108-103752,0.015,0.949471348214334
1041,20210108-103755,0.0,0.949471348214334
1042,20210108-103758,0.0,0.949471348214334
1043,20210108-103801,0.0,0.949471348214334
1044,20210108-103804,0.0,0.949471348214334
1045,20210108-103807,0.015,0.949471348214334
1046,20210108-103810,0.015,0.949471348214334
1047,20210108-103813,0.0,0.949471348214334
1048,20210108-103816,0.0,0.949471348214334
1049,20210108-103819,0.0,0.949471348214334
1050,20210108-103822,0.0,0.949471348214334
1051,20210108-103825,0.015,0.949471348214334
1052,20210108-103828,0.0,0.949471348214334
1053,20210108-103831,0.0,0.949471348214334
1054,20210108-103834,0.0,0.949471348214334
1055,20210108-103837,0.0,0.949471348214334
1056,20210108-103840,0.0,0.949471348214334
1057,20210108-103843,0.015,0.949471348214334
1058,20210108-103846,0.0,0.949471348214334
1059,20210108-103849,0.315,0.9574877108250228
1060,20210108-103852,0.0,0.9574877108250228
1061,20210108-103855,0.015,0.9574877108250228
1062,20210108-103858,0.0,0.9574877108250228
1063,20210108-103901,0.0,0.9574877108250228
1064,20210108-103904,0.0,0.9574877108250228
1065,20210108-103907,0.0,0.9574877108250228
1066,20210108-103910,0.015,0.9574877108250228
1067,20210108-103913,0.0,0.9574877108250228
1068,20210108-103916,0.0,0.9574877108250228
1069,20210108-103919,0.0,0.9574877108250228
1070,20210108-103922,0.015,0.9574877108250228
1071,20210108-103925,0.0,0.9574877108250228
1072,20210108-103928,0.0,0.9574877108250228
1073,20210108-103931,0.0,0.9574877108250228
1074,20210108-103934,0.0,0.9574877108250228
1075,20210108-103937,0.015,0.9574877108250228
1076,20210108-103940,0.0,0.9574877108250228
1077,20210108-103943,0.0,0.9574877108250228
1078,20210108-103946,0.0,0.9574877108250228
1079,20210108-103949,0.0,0.9574877108250228
1080,20210108-103952,0.015,0.9574877108250228
1081,20210108-103955,0.0,0.9574877108250228
1082,20210108-103958,0.0,0.9574877108250228
1083,20210108-104001,0.0,0.9574877108250228
1084,20210108-104004,0.015,0.9574877108250228
1085,20210108-104007,0.0,0.9574877108250228
1086,20210108-104010,0.0,0.9574877108250228
1087,20210108-104013,0.0,0.9574877108250228
1088,20210108-104016,0.015,0.9574877108250228
1089,20210108-104020,0.0,0.9574877108250228
1090,20210108-104023,0.015,0.9574877108250228
1091,20210108-104026,0.0,0.9574877108250228
1092,20210108-104029,0.0,0.9574877108250228
1093,20210108-104032,0.0,0.9574877108250228
1094,20210108-104035,0.015,0.9574877108250228
1095,20210108-104038,0.0,0.9574877108250228
1096,20210108-104041,0.0,0.9574877108250228
1097,20210108-104044,0.0,0.9574877108250228
1098,20210108-104047,0.0,0.9574877108250228
1099,20210108-104050,0.0,0.9574877108250228
1100,20210108-104053,0.0,0.9574877108250228
1101,20210108-104056,0.015,0.9574877108250228
1102,20210108-104059,0.0,0.9574877108250228
1103,20210108-104102,0.0,0.9574877108250228
1104,20210108-104105,0.0,0.9574877108250228
1105,20210108-104108,0.0,0.9574877108250228
1106,20210108-104111,0.015,0.9574877108250228
1107,20210108-104114,0.0,0.9574877108250228
1108,20210108-104117,0.0,0.9574877108250228
1109,20210108-104120,0.0,0.9574877108250228
1110,20210108-104123,0.015,0.9574877108250228
1111,20210108-104126,0.015,0.9574877108250228
1112,20210108-104129,0.0,0.9574877108250228
1113,20210108-104132,0.0,0.9574877108250228
1114,20210108-104135,0.0,0.9574877108250228
1115,20210108-104138,0.0,0.9574877108250228
1116,20210108-104141,0.015,0.9574877108250228
1117,20210108-104144,0.0,0.9574877108250228
1118,20210108-104147,0.0,0.9574877108250228
1119,20210108-104150,0.0,0.9574877108250228
1120,20210108-104153,0.015,0.9574877108250228
1121,20210108-104156,0.0,0.9574877108250228
1122,20210108-104159,0.0,0.9574877108250228
1123,20210108-104202,0.0,0.9574877108250228
1124,20210108-104205,0.0,0.9574877108250228
1125,20210108-104208,0.0,0.9574877108250228
1126,20210108-104211,0.0,0.9574877108250228
1127,20210108-104214,0.015,0.9574877108250228
1128,20210108-104217,0.0,0.9574877108250228
1129,20210108-104220,0.0,0.9574877108250228
1130,20210108-104223,0.015,0.9574877108250228
1131,20210108-104226,0.0,0.9574877108250228
1132,20210108-104229,0.0,0.9574877108250228
1133,20210108-104232,0.0,0.9574877108250228
1134,20210108-104235,0.0,0.9574877108250228
1135,20210108-104238,0.015,0.9574877108250228
1136,20210108-104241,0.015,0.9574877108250228
1137,20210108-104244,0.0,0.9574877108250228
1138,20210108-104247,0.0,0.9574877108250228
1139,20210108-104250,1.0150000000000001,0.76620029452845
1140,20210108-104253,0.0,0.76620029452845
1141,20210108-104256,0.0,0.76620029452845
1142,20210108-104259,0.0,0.76620029452845
1143,20210108-104302,0.05,0.76620029452845
1144,20210108-104305,0.015,0.76620029452845
1145,20210108-104308,0.0,0.76620029452845
1146,20210108-104311,0.015,0.76620029452845
1147,20210108-104314,0.0,0.76620029452845
1148,20210108-104317,0.0,0.76620029452845
1149,20210108-104320,0.015,0.76620029452845
1150,20210108-104323,0.0,0.76620029452845
1151,20210108-104326,0.015,0.76620029452845
1152,20210108-104329,0.0,0.76620029452845
1153,20210108-104332,0.0,0.76620029452845
1154,20210108-104335,0.0,0.76620029452845
1155,20210108-104338,0.0,0.76620029452845
1156,20210108-104341,0.0,0.76620029452845
1157,20210108-104344,0.034999999999999996,0.76620029452845
1158,20210108-104347,0.0,0.76620029452845
1159,20210108-104350,0.0,0.76620029452845
1160,20210108-104353,0.0,0.76620029452845
1161,20210108-104356,0.0,0.76620029452845
1162,20210108-104359,0.0,0.76620029452845
1163,20210108-104402,0.015,0.76620029452845
1164,20210108-104405,0.0,0.76620029452845
1165,20210108-104408,0.0,0.76620029452845
1166,20210108-104411,0.0,0.76620029452845
1167,20210108-104414,0.0,0.76620029452845
1168,20210108-104417,0.034999999999999996,0.76620029452845
1169,20210108-104420,0.0,0.76620029452845
1170,20210108-104423,0.0,0.76620029452845
1171,20210108-104426,0.0,0.76620029452845
1172,20210108-104429,0.0,0.76620029452845
1173,20210108-104432,0.015,0.76620029452845
1174,20210108-104435,0.0,0.76620029452845
1175,20210108-104438,0.0,0.76620029452845
1176,20210108-104441,0.0,0.76620029452845
1177,20210108-104444,0.0,0.76620029452845
1178,20210108-104447,0.015,0.76620029452845
1179,20210108-104450,0.0,0.76620029452845
1180,20210108-104453,0.0,0.76620029452845
1181,20210108-104456,0.0,0.76620029452845
1182,20210108-104459,0.015,0.76620029452845
1183,20210108-104502,0.0,0.76620029452845
1184,20210108-104505,0.0,0.76620029452845
1185,20210108-104508,0.015,0.76620029452845
1186,20210108-104511,0.0,0.76620029452845
1187,20210108-104514,0.0,0.76620029452845
1188,20210108-104517,0.015,0.76620029452845
1189,20210108-104520,0.0,0.76620029452845
1190,20210108-104523,0.015,0.76620029452845
1191,20210108-104526,0.0,0.76620029452845
1192,20210108-104529,0.0,0.76620029452845
1193,20210108-104532,0.0,0.76620029452845
1194,20210108-104535,0.0,0.76620029452845
1195,20210108-104538,0.015,0.76620029452845
1196,20210108-104541,0.0,0.76620029452845
1197,20210108-104544,0.0,0.76620029452845
1198,20210108-104547,0.0,0.76620029452845
1199,20210108-104550,0.015,0.76620029452845
