time,cpu%,mem%
20210108-094550,0.0,0.6085633821908367
20210108-094553,0.0,0.6085633821908367
20210108-094556,0.0,0.6085633821908367
20210108-094559,0.0,0.6085633821908367
20210108-094602,0.0,0.6085633821908367
20210108-094605,0.0,0.6085633821908367
20210108-094608,0.0,0.6085633821908367
20210108-094611,0.0,0.6085633821908367
20210108-094614,0.0,0.6085633821908367
20210108-094617,0.0,0.6085633821908367
20210108-094620,0.0,0.6085633821908367
20210108-094623,0.0,0.6085633821908367
20210108-094626,0.0,0.6085633821908367
20210108-094629,0.0,0.6085633821908367
20210108-094632,0.0,0.6085633821908367
20210108-094635,0.0,0.6085633821908367
20210108-094638,0.0,0.6085633821908367
20210108-094641,0.0,0.6085633821908367
20210108-094644,0.0,0.6085633821908367
20210108-094647,0.0,0.6085633821908367
20210108-094650,0.3,0.6085633821908367
20210108-094653,0.0,0.6085633821908367
20210108-094656,0.0,0.6085633821908367
20210108-094659,0.0,0.6085633821908367
20210108-094702,0.0,0.6085633821908367
20210108-094705,0.0,0.6085633821908367
20210108-094708,0.0,0.6085633821908367
20210108-094711,0.0,0.6085633821908367
20210108-094714,0.0,0.6085633821908367
20210108-094717,0.0,0.6085633821908367
20210108-094720,0.0,0.6085633821908367
20210108-094723,0.0,0.6085633821908367
20210108-094726,0.0,0.6085633821908367
20210108-094729,0.0,0.6085633821908367
20210108-094732,0.0,0.6085633821908367
20210108-094735,0.0,0.6085633821908367
20210108-094738,0.0,0.6085633821908367
20210108-094741,0.0,0.6085633821908367
20210108-094744,0.0,0.6085633821908367
20210108-094747,0.0,0.6085633821908367
20210108-094750,0.0,0.6085633821908367
20210108-094753,0.3,0.6085633821908367
20210108-094756,0.0,0.6085633821908367
20210108-094759,0.0,0.6085633821908367
20210108-094802,0.0,0.6085633821908367
20210108-094805,0.0,0.6085633821908367
20210108-094808,0.0,0.6085633821908367
20210108-094811,0.0,0.6085633821908367
20210108-094814,0.0,0.6085633821908367
20210108-094817,0.0,0.6085633821908367
20210108-094820,0.0,0.6085633821908367
20210108-094823,0.0,0.6085633821908367
20210108-094826,0.0,0.6085633821908367
20210108-094829,0.0,0.6085633821908367
20210108-094832,0.0,0.6085633821908367
20210108-094835,0.0,0.6085633821908367
20210108-094838,0.0,0.6085633821908367
20210108-094841,0.0,0.6085633821908367
20210108-094844,0.0,0.6085633821908367
20210108-094847,0.0,0.6085633821908367
20210108-094850,0.0,0.6085633821908367
20210108-094853,0.0,0.6085633821908367
20210108-094856,0.0,0.6085633821908367
20210108-094859,0.0,0.6085633821908367
20210108-094902,0.0,0.6085633821908367
20210108-094905,0.3,0.6085633821908367
20210108-094908,0.0,0.6085633821908367
20210108-094911,0.0,0.6085633821908367
20210108-094914,0.0,0.6085633821908367
20210108-094917,0.0,0.6085633821908367
20210108-094920,0.0,0.6085633821908367
20210108-094923,0.0,0.6085633821908367
20210108-094926,0.0,0.6085633821908367
20210108-094929,0.0,0.6085633821908367
20210108-094932,0.0,0.6085633821908367
20210108-094935,48.3,0.6927777006169138
20210108-094938,1.7,0.6928627226446029
20210108-094941,0.0,0.6928627226446029
20210108-094944,0.0,0.6928627226446029
20210108-094947,0.3,0.6928627226446029
20210108-094950,0.0,0.6928627226446029
20210108-094953,0.3,0.6928991606564696
20210108-094956,0.0,0.6928991606564696
20210108-094959,0.3,0.6928991606564696
20210108-095002,0.0,0.6928991606564696
20210108-095005,0.0,0.6928991606564696
20210108-095008,0.0,0.6928991606564696
20210108-095011,0.0,0.6928991606564696
20210108-095014,0.0,0.6928991606564696
20210108-095017,0.0,0.6928991606564696
20210108-095020,0.0,0.6928991606564696
20210108-095023,0.0,0.6928991606564696
20210108-095026,0.0,0.6928991606564696
20210108-095029,0.0,0.6928991606564696
20210108-095032,0.0,0.6928991606564696
20210108-095035,0.0,0.6928991606564696
20210108-095038,0.0,0.6928991606564696
20210108-095041,0.0,0.6928991606564696
20210108-095044,0.0,0.6928991606564696
20210108-095047,0.0,0.6928991606564696
20210108-095050,0.0,0.6928991606564696
20210108-095053,5.0,0.7364547308412123
20210108-095056,0.0,0.7364547308412123
20210108-095059,0.0,0.7364547308412123
20210108-095102,0.0,0.7364547308412123
20210108-095105,0.0,0.7364547308412123
20210108-095108,0.0,0.7364547308412123
20210108-095111,0.0,0.7364547308412123
20210108-095114,0.0,0.7364547308412123
20210108-095117,0.0,0.7364547308412123
20210108-095120,0.0,0.7364547308412123
20210108-095123,0.0,0.7364547308412123
20210108-095126,0.0,0.7364547308412123
20210108-095129,0.0,0.7364547308412123
20210108-095132,0.0,0.7364547308412123
20210108-095135,0.0,0.7364547308412123
20210108-095138,0.0,0.7364547308412123
20210108-095141,0.0,0.7364547308412123
20210108-095144,0.0,0.7364547308412123
20210108-095147,0.3,0.7364547308412123
20210108-095150,0.0,0.7364547308412123
20210108-095153,0.0,0.7364547308412123
20210108-095156,0.0,0.7364547308412123
20210108-095159,0.0,0.7364547308412123
20210108-095202,0.0,0.7364547308412123
20210108-095205,0.0,0.7364547308412123
20210108-095208,0.0,0.7364547308412123
20210108-095211,0.0,0.7364547308412123
20210108-095214,0.0,0.7364547308412123
20210108-095217,0.0,0.7364547308412123
20210108-095220,0.0,0.7364547308412123
20210108-095223,0.0,0.7364547308412123
20210108-095226,0.0,0.7364547308412123
20210108-095229,0.0,0.7364547308412123
20210108-095232,0.0,0.7364547308412123
20210108-095235,0.0,0.7364547308412123
20210108-095238,0.0,0.7364547308412123
20210108-095241,0.0,0.7364547308412123
20210108-095244,0.0,0.7364547308412123
20210108-095247,0.0,0.7364547308412123
20210108-095250,0.0,0.7364547308412123
20210108-095253,0.0,0.7364547308412123
20210108-095256,0.0,0.7364547308412123
20210108-095259,0.3,0.7364547308412123
20210108-095302,0.0,0.7364547308412123
20210108-095305,0.0,0.7364547308412123
20210108-095308,0.0,0.7364547308412123
20210108-095311,0.0,0.7364547308412123
20210108-095314,0.0,0.7364547308412123
20210108-095317,0.0,0.7364547308412123
20210108-095320,0.0,0.7364547308412123
20210108-095323,0.0,0.7364547308412123
20210108-095326,0.0,0.7364547308412123
20210108-095329,0.0,0.7364547308412123
20210108-095332,0.0,0.7364547308412123
20210108-095335,0.0,0.7364547308412123
20210108-095338,0.0,0.7364547308412123
20210108-095341,34.0,0.8777431218546026
20210108-095344,24.0,0.7984661540364724
20210108-095347,0.3,0.7984661540364724
20210108-095350,0.0,0.7984661540364724
20210108-095353,0.0,0.7984661540364724
20210108-095356,0.0,0.7984661540364724
20210108-095359,0.0,0.7984722270384502
20210108-095402,0.0,0.7984722270384502
20210108-095405,0.0,0.7984722270384502
20210108-095408,0.0,0.7984722270384502
20210108-095411,0.3,0.7984722270384502
20210108-095414,0.0,0.7984722270384502
20210108-095417,0.0,0.7984722270384502
20210108-095420,0.0,0.7984722270384502
20210108-095423,0.0,0.7984722270384502
20210108-095426,0.0,0.7984722270384502
20210108-095429,0.0,0.7984722270384502
20210108-095432,0.0,0.7984722270384502
20210108-095435,0.0,0.7984722270384502
20210108-095438,0.0,0.7984722270384502
20210108-095441,0.0,0.7984722270384502
20210108-095444,0.0,0.7984722270384502
20210108-095447,0.0,0.7984722270384502
20210108-095450,0.0,0.7984722270384502
20210108-095453,0.0,0.7984722270384502
20210108-095456,0.0,0.7984722270384502
20210108-095459,6.0,0.8555584456297189
20210108-095502,0.0,0.8555584456297189
20210108-095505,0.0,0.8555584456297189
20210108-095508,0.0,0.8555584456297189
20210108-095511,0.0,0.8555584456297189
20210108-095514,0.0,0.8555584456297189
20210108-095517,0.0,0.8555584456297189
20210108-095520,0.0,0.8555584456297189
20210108-095523,0.0,0.8555584456297189
20210108-095526,0.0,0.8555584456297189
20210108-095529,0.0,0.8555584456297189
20210108-095532,0.0,0.8555584456297189
20210108-095535,0.0,0.8555584456297189
20210108-095538,0.0,0.8555584456297189
20210108-095541,0.0,0.8555584456297189
20210108-095544,0.0,0.8555584456297189
20210108-095547,0.0,0.8555584456297189
20210108-095550,0.0,0.8555584456297189
20210108-095553,0.0,0.8555584456297189
20210108-095556,0.0,0.8555584456297189
20210108-095559,0.0,0.8555584456297189
20210108-095602,0.0,0.8555584456297189
20210108-095605,0.3,0.8555584456297189
20210108-095608,0.0,0.8555584456297189
20210108-095611,0.0,0.8555584456297189
20210108-095614,0.0,0.8555584456297189
20210108-095617,0.0,0.8555584456297189
20210108-095620,0.0,0.8555584456297189
20210108-095623,0.0,0.8555584456297189
20210108-095626,0.0,0.8555584456297189
20210108-095629,0.0,0.8555584456297189
20210108-095632,0.0,0.8555584456297189
20210108-095635,0.0,0.8555584456297189
20210108-095638,0.0,0.8555584456297189
20210108-095641,0.0,0.8555584456297189
20210108-095644,0.0,0.8555584456297189
20210108-095647,0.0,0.8555584456297189
20210108-095650,0.0,0.8555584456297189
20210108-095653,0.0,0.8555584456297189
20210108-095656,0.0,0.8555584456297189
20210108-095659,0.0,0.8555584456297189
20210108-095702,0.0,0.8555584456297189
20210108-095705,0.0,0.8555584456297189
20210108-095708,0.0,0.8555584456297189
20210108-095711,0.0,0.8555584456297189
20210108-095714,0.0,0.8555584456297189
20210108-095717,0.0,0.8555584456297189
20210108-095720,0.3,0.8555584456297189
20210108-095723,28.0,0.9705568110812367
20210108-095726,25.7,0.8241792444104546
20210108-095729,0.0,0.8241792444104546
20210108-095732,0.0,0.8241792444104546
20210108-095735,0.0,0.8241792444104546
20210108-095738,0.0,0.8241792444104546
20210108-095741,0.7,0.8241792444104546
20210108-095744,0.0,0.8241792444104546
20210108-095747,0.0,0.8241792444104546
20210108-095750,0.3,0.8241792444104546
20210108-095753,0.0,0.8241792444104546
20210108-095756,0.0,0.8241792444104546
20210108-095759,0.0,0.8241792444104546
20210108-095802,0.0,0.8241792444104546
20210108-095805,0.0,0.8241792444104546
20210108-095808,0.0,0.8241792444104546
20210108-095811,0.0,0.8241792444104546
20210108-095814,0.0,0.8241792444104546
20210108-095817,0.0,0.8241792444104546
20210108-095820,0.0,0.8241792444104546
20210108-095823,0.0,0.8241792444104546
20210108-095826,0.0,0.8241792444104546
20210108-095829,4.7,0.585437390659395
20210108-095832,0.0,0.585437390659395
20210108-095835,0.3,0.585437390659395
20210108-095838,0.0,0.585437390659395
20210108-095841,3.3,0.5916865096945456
20210108-095844,0.0,0.5916865096945456
20210108-095847,0.3,0.5916865096945456
20210108-095850,0.0,0.5916865096945456
20210108-095853,0.0,0.5916865096945456
20210108-095856,0.3,0.5917168747044346
20210108-095859,0.3,0.5917168747044346
20210108-095902,0.3,0.5917168747044346
20210108-095905,0.0,0.5917168747044346
20210108-095908,0.0,0.5917168747044346
20210108-095911,0.0,0.5917168747044346
20210108-095914,0.3,0.5917168747044346
20210108-095917,0.0,0.5917168747044346
20210108-095920,0.0,0.5917168747044346
20210108-095923,0.0,0.5917168747044346
20210108-095926,0.0,0.5917168747044346
20210108-095929,0.0,0.5917168747044346
20210108-095932,0.3,0.5917168747044346
20210108-095935,0.0,0.5917168747044346
20210108-095938,0.0,0.5917168747044346
20210108-095941,0.0,0.5917168747044346
20210108-095944,0.3,0.5917168747044346
20210108-095947,0.0,0.5917168747044346
20210108-095950,0.0,0.5917168747044346
20210108-095953,0.3,0.5917168747044346
20210108-095956,5.7,0.6497687006101727
20210108-095959,0.0,0.6497687006101727
20210108-100002,0.0,0.6497687006101727
20210108-100005,0.0,0.6497687006101727
20210108-100008,0.3,0.6497687006101727
20210108-100011,0.0,0.6497687006101727
20210108-100014,0.3,0.6497687006101727
20210108-100017,0.0,0.6497687006101727
20210108-100020,0.0,0.6497687006101727
20210108-100023,0.3,0.6497687006101727
20210108-100026,0.0,0.6497687006101727
20210108-100029,0.0,0.6497687006101727
20210108-100032,0.0,0.6497687006101727
20210108-100035,0.3,0.6497687006101727
20210108-100038,0.0,0.6497687006101727
20210108-100041,0.0,0.6497687006101727
20210108-100044,0.0,0.6497687006101727
20210108-100047,0.3,0.6497687006101727
20210108-100050,0.0,0.6497687006101727
20210108-100053,0.0,0.6497687006101727
20210108-100056,0.0,0.6497687006101727
20210108-100059,0.0,0.6497687006101727
20210108-100102,0.0,0.6497687006101727
20210108-100105,0.3,0.6497687006101727
20210108-100108,0.3,0.6497687006101727
20210108-100111,0.0,0.6497687006101727
20210108-100115,0.0,0.6497687006101727
20210108-100118,0.0,0.6497687006101727
20210108-100121,0.0,0.6497687006101727
20210108-100124,0.3,0.6497687006101727
20210108-100127,0.0,0.6497687006101727
20210108-100130,0.0,0.6497687006101727
20210108-100133,0.0,0.6497687006101727
20210108-100136,0.0,0.6497687006101727
20210108-100139,0.3,0.6497687006101727
20210108-100142,0.3,0.6497687006101727
20210108-100145,0.0,0.6497687006101727
20210108-100148,0.0,0.6497687006101727
20210108-100151,0.0,0.6497687006101727
20210108-100154,0.3,0.6497687006101727
20210108-100157,0.0,0.6497687006101727
20210108-100200,0.0,0.6497687006101727
20210108-100203,0.0,0.6497687006101727
20210108-100206,0.3,0.6497687006101727
20210108-100209,0.0,0.6497687006101727
20210108-100212,0.0,0.6497687006101727
20210108-100215,0.0,0.6497687006101727
20210108-100218,0.0,0.6497687006101727
20210108-100221,0.0,0.6497687006101727
20210108-100224,0.3,0.6497687006101727
20210108-100227,0.0,0.6497687006101727
20210108-100230,0.0,0.6497687006101727
20210108-100233,0.3,0.6497687006101727
20210108-100236,0.0,0.6497687006101727
20210108-100239,0.3,0.6497687006101727
20210108-100242,0.0,0.6497687006101727
20210108-100245,0.0,0.6497687006101727
20210108-100248,0.0,0.6497687006101727
20210108-100251,0.0,0.6497687006101727
20210108-100254,0.3,0.6497687006101727
20210108-100257,0.0,0.6497687006101727
20210108-100300,0.0,0.6497687006101727
20210108-100303,0.0,0.6497687006101727
20210108-100306,0.3,0.6497687006101727
20210108-100309,0.0,0.6497687006101727
20210108-100312,0.0,0.6497687006101727
20210108-100315,0.0,0.6497687006101727
20210108-100318,0.3,0.6497687006101727
20210108-100321,0.0,0.6497687006101727
20210108-100324,35.5,0.8005917047287006
20210108-100327,24.3,0.9756642057445619
20210108-100330,0.0,0.9756642057445619
20210108-100333,0.0,0.9756642057445619
20210108-100336,0.0,0.9756642057445619
20210108-100339,0.0,0.9756642057445619
20210108-100342,0.7,0.9756642057445619
20210108-100345,0.0,0.9756642057445619
20210108-100348,0.3,0.9756642057445619
20210108-100351,0.0,0.9756642057445619
20210108-100354,0.3,0.9756642057445619
20210108-100357,0.0,0.9756642057445619
20210108-100400,0.0,0.9756642057445619
20210108-100403,0.0,0.9756642057445619
20210108-100406,0.0,0.9756642057445619
20210108-100409,0.3,0.9756642057445619
20210108-100412,0.0,0.9756642057445619
20210108-100415,0.0,0.9756642057445619
20210108-100418,0.0,0.9756642057445619
20210108-100421,0.3,0.9756642057445619
20210108-100424,0.0,0.9756642057445619
20210108-100427,0.0,0.9756642057445619
20210108-100430,0.0,0.9756642057445619
20210108-100433,0.0,0.9756642057445619
20210108-100436,0.3,0.9756642057445619
20210108-100439,0.0,0.9756642057445619
20210108-100442,5.7,0.9873486615498386
20210108-100445,0.3,0.9873486615498386
20210108-100448,0.0,0.9873486615498386
20210108-100451,0.0,0.9873486615498386
20210108-100454,0.0,0.9873486615498386
20210108-100457,0.0,0.9873486615498386
20210108-100500,0.0,0.9873486615498386
20210108-100503,0.3,0.9873486615498386
20210108-100506,0.3,0.9873486615498386
20210108-100509,0.0,0.9873486615498386
20210108-100512,0.0,0.9873486615498386
20210108-100515,0.0,0.9873486615498386
20210108-100518,0.3,0.9873486615498386
20210108-100521,0.0,0.9873486615498386
20210108-100524,0.0,0.9873486615498386
20210108-100527,0.0,0.9873486615498386
20210108-100530,0.3,0.9873486615498386
20210108-100533,0.0,0.9873486615498386
20210108-100536,0.0,0.9873486615498386
20210108-100539,0.0,0.9873486615498386
20210108-100542,0.0,0.9873486615498386
20210108-100545,0.3,0.9873486615498386
20210108-100548,0.0,0.9873486615498386
20210108-100551,0.0,0.9873486615498386
20210108-100554,0.0,0.9873486615498386
20210108-100557,0.3,0.9873486615498386
20210108-100600,0.0,0.9873486615498386
20210108-100603,0.0,0.9873486615498386
20210108-100606,0.0,0.9873486615498386
20210108-100609,0.3,0.9873486615498386
20210108-100612,0.0,0.9873486615498386
20210108-100615,0.0,0.9873486615498386
20210108-100618,0.3,0.9873486615498386
20210108-100621,0.0,0.9873486615498386
20210108-100624,0.0,0.9873486615498386
20210108-100627,0.0,0.9873486615498386
20210108-100630,0.3,0.9873486615498386
20210108-100633,0.0,0.9873486615498386
20210108-100636,0.0,0.9873486615498386
20210108-100639,0.0,0.9873486615498386
20210108-100642,0.3,0.9873486615498386
20210108-100645,0.0,0.9873486615498386
20210108-100648,0.0,0.9873486615498386
20210108-100651,0.0,0.9873486615498386
20210108-100654,0.3,0.9873547345518164
20210108-100657,0.0,0.9873547345518164
20210108-100700,0.0,0.9873547345518164
20210108-100703,0.0,0.9873547345518164
20210108-100706,0.0,0.9873547345518164
20210108-100709,0.3,0.9873547345518164
20210108-100712,0.0,0.9873547345518164
20210108-100715,0.0,0.9873547345518164
20210108-100718,0.3,0.9873547345518164
20210108-100721,0.0,0.9873547345518164
20210108-100724,0.0,0.9873547345518164
20210108-100727,0.0,0.9873547345518164
20210108-100730,0.3,0.9873547345518164
20210108-100733,0.0,0.9873547345518164
20210108-100736,0.0,0.9873547345518164
20210108-100739,0.3,0.9873547345518164
20210108-100742,0.0,0.9873547345518164
20210108-100745,0.0,0.9873547345518164
20210108-100748,0.0,0.9873547345518164
20210108-100751,0.3,0.9873547345518164
20210108-100754,0.0,0.9873547345518164
20210108-100757,0.0,0.9873547345518164
20210108-100800,0.0,0.9873547345518164
20210108-100803,64.6,1.0135050810681996
20210108-100806,2.0,1.0135111540701776
20210108-100809,0.0,1.0135111540701776
20210108-100812,0.0,1.0135111540701776
20210108-100815,0.0,1.0135111540701776
20210108-100818,0.3,1.0135111540701776
20210108-100821,0.3,1.0135111540701776
20210108-100824,0.0,1.0135111540701776
20210108-100827,0.3,1.0135111540701776
20210108-100830,0.0,1.0135111540701776
20210108-100833,0.0,1.0135111540701776
20210108-100836,0.0,1.0135111540701776
20210108-100839,0.3,1.0135111540701776
20210108-100842,0.0,1.0135111540701776
20210108-100845,0.0,1.0135111540701776
20210108-100848,0.0,1.0135111540701776
20210108-100851,0.0,1.0135111540701776
20210108-100854,0.3,1.0135111540701776
20210108-100857,0.0,1.0135111540701776
20210108-100900,0.0,1.0135111540701776
20210108-100903,0.0,1.0135111540701776
20210108-100906,0.7,1.0135111540701776
20210108-100909,0.0,1.0135111540701776
20210108-100912,0.0,1.0135111540701776
20210108-100915,0.0,1.0135111540701776
20210108-100918,0.0,1.0135111540701776
20210108-100921,5.7,1.0226145840348917
20210108-100924,0.0,1.0226145840348917
20210108-100927,0.0,1.0226145840348917
20210108-100930,0.3,1.0226145840348917
20210108-100933,0.0,1.0226145840348917
20210108-100936,0.0,1.0226145840348917
20210108-100939,0.0,1.0226145840348917
20210108-100942,0.0,1.0226145840348917
20210108-100945,0.0,1.0226145840348917
20210108-100948,0.3,1.0226145840348917
20210108-100951,0.3,1.0226145840348917
20210108-100954,0.0,1.0226145840348917
20210108-100957,0.0,1.0226145840348917
20210108-101000,0.0,1.0226145840348917
20210108-101003,0.0,1.0226145840348917
20210108-101006,0.3,1.0226145840348917
20210108-101009,0.0,1.0226145840348917
20210108-101012,0.0,1.0226145840348917
20210108-101015,0.0,1.0226145840348917
20210108-101018,0.3,1.0226145840348917
20210108-101021,0.0,1.0226145840348917
20210108-101024,0.0,1.0226145840348917
20210108-101027,0.0,1.0226145840348917
20210108-101030,0.3,1.0226145840348917
20210108-101033,0.0,1.0226145840348917
20210108-101036,0.0,1.0226145840348917
20210108-101039,0.0,1.0226145840348917
20210108-101042,0.3,1.0226145840348917
20210108-101045,0.0,1.0226145840348917
20210108-101048,0.0,1.0226145840348917
20210108-101051,0.0,1.0226145840348917
20210108-101054,0.0,1.0226145840348917
20210108-101057,0.3,1.0226145840348917
20210108-101100,0.3,1.0226145840348917
20210108-101103,0.0,1.0226145840348917
20210108-101106,0.0,1.0226145840348917
20210108-101109,0.0,1.0226145840348917
20210108-101112,0.0,1.0226145840348917
20210108-101115,0.3,1.0226145840348917
20210108-101118,0.0,1.0226145840348917
20210108-101121,0.0,1.0226145840348917
20210108-101124,0.0,1.0226145840348917
20210108-101127,0.3,1.0226145840348917
20210108-101130,0.0,1.0226145840348917
20210108-101133,0.0,1.0226145840348917
20210108-101136,0.0,1.0226145840348917
20210108-101139,0.0,1.0226145840348917
20210108-101142,0.3,1.0226145840348917
20210108-101145,0.0,1.0226145840348917
20210108-101148,0.0,1.0226145840348917
20210108-101151,0.3,1.0226145840348917
20210108-101154,0.0,1.0226145840348917
20210108-101157,0.3,1.0226145840348917
20210108-101200,0.0,1.0226145840348917
20210108-101203,0.3,1.0226145840348917
20210108-101206,0.0,1.0226145840348917
20210108-101209,0.0,1.0226145840348917
20210108-101212,0.0,1.0226145840348917
20210108-101215,0.3,1.0226145840348917
20210108-101218,0.0,1.0226145840348917
20210108-101221,0.0,1.0226145840348917
20210108-101224,0.0,1.0226145840348917
20210108-101227,0.0,1.0226145840348917
20210108-101230,0.0,1.0226145840348917
20210108-101233,0.0,1.0226145840348917
20210108-101236,0.3,1.0226145840348917
20210108-101239,0.3,1.0226145840348917
20210108-101242,0.0,1.0226145840348917
20210108-101245,0.0,1.0226145840348917
20210108-101248,0.0,1.0226145840348917
20210108-101251,0.3,1.0226145840348917
20210108-101254,0.0,1.0226145840348917
20210108-101257,0.0,1.0226145840348917
20210108-101300,0.0,1.0226145840348917
20210108-101303,0.0,1.0226145840348917
20210108-101306,0.3,1.0226145840348917
20210108-101309,0.0,1.0226145840348917
20210108-101312,0.0,1.0226145840348917
20210108-101315,67.2,0.9801643002101077
20210108-101318,0.3,0.9801643002101077
20210108-101321,0.0,0.9801643002101077
20210108-101324,0.0,0.9801643002101077
20210108-101327,0.0,0.9801643002101077
20210108-101330,0.0,0.9801643002101077
20210108-101333,1.0,0.9801643002101077
20210108-101336,0.0,0.9801643002101077
20210108-101339,0.0,0.9801643002101077
20210108-101342,0.0,0.9801643002101077
20210108-101345,0.0,0.9801643002101077
20210108-101348,0.3,0.9801643002101077
20210108-101351,0.0,0.9801643002101077
20210108-101354,0.0,0.9801643002101077
20210108-101357,0.0,0.9801643002101077
20210108-101400,0.3,0.9801643002101077
20210108-101403,0.0,0.9801643002101077
20210108-101406,0.0,0.9801643002101077
20210108-101409,0.0,0.9801643002101077
20210108-101412,0.3,0.9801643002101077
20210108-101415,0.0,0.9801643002101077
20210108-101418,0.0,0.9801643002101077
20210108-101421,0.0,0.9801643002101077
20210108-101424,0.0,0.9801643002101077
20210108-101427,0.3,0.9801643002101077
20210108-101430,0.0,0.9801643002101077
20210108-101433,6.7,1.0015048291600777
20210108-101436,0.0,1.0015048291600777
20210108-101439,0.3,1.0015048291600777
20210108-101442,0.0,1.0015048291600777
20210108-101445,0.0,1.0015048291600777
20210108-101448,0.0,1.0015048291600777
20210108-101451,0.3,1.0015048291600777
20210108-101454,0.0,1.0015048291600777
20210108-101457,0.0,1.0015048291600777
20210108-101500,0.0,1.0015048291600777
20210108-101503,0.0,1.0015048291600777
20210108-101506,0.3,1.0015048291600777
20210108-101509,0.0,1.0015048291600777
20210108-101512,0.0,1.0015048291600777
20210108-101515,0.3,1.0015048291600777
20210108-101518,0.0,1.0015048291600777
20210108-101521,0.0,1.0015048291600777
20210108-101524,0.0,1.0015048291600777
20210108-101527,0.0,1.0015048291600777
20210108-101530,0.7,1.0015048291600777
20210108-101533,0.0,1.0015048291600777
20210108-101536,0.0,1.0015048291600777
20210108-101539,0.0,1.0015048291600777
20210108-101542,0.0,1.0015048291600777
20210108-101545,0.0,1.0015048291600777
20210108-101548,0.3,1.0015048291600777
20210108-101551,0.0,1.0015048291600777
20210108-101554,0.3,1.0015048291600777
20210108-101557,0.0,1.0015048291600777
20210108-101600,0.0,1.0015048291600777
20210108-101603,0.0,1.0015048291600777
20210108-101606,0.3,1.0015048291600777
20210108-101609,0.0,1.0015048291600777
20210108-101612,0.0,1.0015048291600777
20210108-101615,0.0,1.0015048291600777
20210108-101618,0.0,1.0015048291600777
20210108-101621,0.0,1.0015048291600777
20210108-101624,0.0,1.0015048291600777
20210108-101627,0.7,1.0015048291600777
20210108-101630,0.0,1.0015048291600777
20210108-101633,0.0,1.0015048291600777
20210108-101636,0.0,1.0015048291600777
20210108-101639,0.0,1.0015048291600777
20210108-101642,0.0,1.0015048291600777
20210108-101645,0.0,1.0015048291600777
20210108-101648,0.3,1.0015048291600777
20210108-101651,0.0,1.0015048291600777
20210108-101654,0.0,1.0015048291600777
20210108-101657,0.0,1.0015048291600777
20210108-101700,0.0,1.0015048291600777
20210108-101703,0.3,1.0015048291600777
20210108-101706,0.0,1.0015048291600777
20210108-101709,0.0,1.0015048291600777
20210108-101712,0.3,1.0015048291600777
20210108-101715,0.3,1.0015048291600777
20210108-101718,0.0,1.0015048291600777
20210108-101721,0.0,1.0015048291600777
20210108-101724,0.0,1.0015048291600777
20210108-101727,0.0,1.0015048291600777
20210108-101730,0.0,1.0015048291600777
20210108-101733,0.3,1.0015048291600777
20210108-101736,0.0,1.0015048291600777
20210108-101739,0.0,1.0015048291600777
20210108-101742,0.3,1.0015048291600777
20210108-101745,0.0,1.0015048291600777
20210108-101748,7.3,1.0310013997662257
20210108-101751,57.0,0.9278089501595408
20210108-101754,0.0,0.9278089501595408
20210108-101757,0.0,0.9278089501595408
20210108-101800,0.3,0.9278089501595408
20210108-101803,0.0,0.9278089501595408
20210108-101806,0.7,0.9278089501595408
20210108-101809,0.0,0.9278089501595408
20210108-101812,0.3,0.9278089501595408
20210108-101815,0.0,0.9278089501595408
20210108-101818,0.0,0.9278089501595408
20210108-101821,0.0,0.9278089501595408
20210108-101824,0.3,0.9278089501595408
20210108-101827,0.0,0.9278089501595408
20210108-101830,0.0,0.9278089501595408
20210108-101833,0.0,0.9278089501595408
20210108-101836,0.3,0.9278089501595408
20210108-101839,0.0,0.9278089501595408
20210108-101842,0.0,0.9278089501595408
20210108-101845,0.0,0.9278089501595408
20210108-101848,0.3,0.9278089501595408
20210108-101851,0.0,0.9278089501595408
20210108-101854,0.0,0.9278089501595408
20210108-101857,0.0,0.9278089501595408
20210108-101900,0.3,0.9278089501595408
20210108-101903,0.0,0.9278089501595408
20210108-101906,6.0,0.9652429343506664
20210108-101909,0.0,0.9652429343506664
20210108-101912,0.0,0.9652429343506664
20210108-101915,0.3,0.9652429343506664
20210108-101918,0.0,0.9652429343506664
20210108-101921,0.0,0.9652429343506664
20210108-101924,0.0,0.9652429343506664
20210108-101927,0.3,0.9652429343506664
20210108-101930,0.0,0.9652429343506664
20210108-101933,0.0,0.9652429343506664
20210108-101936,0.0,0.9652429343506664
20210108-101939,0.0,0.9652429343506664
20210108-101942,0.3,0.9652429343506664
20210108-101945,0.0,0.9652429343506664
20210108-101948,0.0,0.9652429343506664
20210108-101951,0.3,0.9652429343506664
20210108-101954,0.0,0.9652429343506664
20210108-101957,0.0,0.9652429343506664
20210108-102000,0.0,0.9652429343506664
20210108-102003,0.3,0.9652429343506664
20210108-102006,0.0,0.9652429343506664
20210108-102009,0.0,0.9652429343506664
20210108-102012,0.0,0.9652429343506664
20210108-102015,0.0,0.9652429343506664
20210108-102018,0.0,0.9652429343506664
20210108-102021,0.3,0.9652429343506664
20210108-102025,0.0,0.9652429343506664
20210108-102028,0.0,0.9652429343506664
20210108-102031,0.0,0.9652429343506664
20210108-102034,0.3,0.9652429343506664
20210108-102037,0.0,0.9652429343506664
20210108-102040,0.0,0.9652429343506664
20210108-102043,0.0,0.9652429343506664
20210108-102046,0.3,0.9652429343506664
20210108-102049,0.0,0.9652429343506664
20210108-102052,0.0,0.9652429343506664
20210108-102055,0.3,0.9652429343506664
20210108-102058,0.0,0.9652429343506664
20210108-102101,0.0,0.9652429343506664
20210108-102104,0.0,0.9652429343506664
20210108-102107,0.0,0.9652429343506664
20210108-102110,0.3,0.9652429343506664
20210108-102113,0.3,0.9652429343506664
20210108-102116,0.0,0.9652429343506664
20210108-102119,0.0,0.9652429343506664
20210108-102122,0.0,0.9652429343506664
20210108-102125,0.0,0.9652429343506664
20210108-102128,0.0,0.9652429343506664
20210108-102131,0.0,0.9652429343506664
20210108-102134,0.3,0.9652429343506664
20210108-102137,0.3,0.9652429343506664
20210108-102140,51.6,0.9335479370285567
20210108-102143,0.7,0.9335479370285567
20210108-102146,0.0,0.9335479370285567
20210108-102149,0.0,0.9335479370285567
20210108-102152,0.0,0.9335479370285567
20210108-102155,0.7,0.9335479370285567
20210108-102158,0.0,0.9335479370285567
20210108-102201,0.0,0.9335479370285567
20210108-102204,0.0,0.9335479370285567
20210108-102207,0.3,0.9335479370285567
20210108-102210,0.0,0.9335479370285567
20210108-102213,0.0,0.9335479370285567
20210108-102216,0.0,0.9335479370285567
20210108-102219,0.3,0.9335479370285567
20210108-102222,0.0,0.9335479370285567
20210108-102225,0.0,0.9335479370285567
20210108-102228,0.3,0.9335479370285567
20210108-102231,0.0,0.9335479370285567
20210108-102234,0.0,0.9335479370285567
20210108-102237,0.0,0.9335479370285567
20210108-102240,0.0,0.9335479370285567
20210108-102243,0.0,0.9335479370285567
20210108-102246,0.0,0.9335479370285567
20210108-102249,0.3,0.9335479370285567
20210108-102252,0.0,0.9335479370285567
20210108-102255,6.3,0.9411391895007998
20210108-102258,0.3,0.9411391895007998
20210108-102301,0.0,0.9411391895007998
20210108-102304,0.0,0.9411391895007998
20210108-102307,0.3,0.9411391895007998
20210108-102310,0.0,0.9411391895007998
20210108-102313,0.0,0.9411391895007998
20210108-102316,0.0,0.9411391895007998
20210108-102319,0.3,0.9411391895007998
20210108-102322,0.0,0.9411391895007998
20210108-102325,0.0,0.9411391895007998
20210108-102328,0.0,0.9411391895007998
20210108-102331,0.0,0.9411391895007998
20210108-102334,0.3,0.9411391895007998
20210108-102337,0.0,0.9411391895007998
20210108-102340,0.0,0.9411391895007998
20210108-102343,0.0,0.9411391895007998
20210108-102346,0.0,0.9411391895007998
20210108-102349,0.3,0.9411391895007998
20210108-102352,0.0,0.9411391895007998
20210108-102355,0.0,0.9411391895007998
20210108-102358,0.0,0.9411391895007998
20210108-102401,0.7,0.9411391895007998
20210108-102404,0.0,0.9411391895007998
20210108-102407,0.0,0.9411391895007998
20210108-102410,0.0,0.9411391895007998
20210108-102413,0.3,0.9411391895007998
20210108-102416,0.0,0.9411391895007998
20210108-102419,0.0,0.9411391895007998
20210108-102422,0.0,0.9411391895007998
20210108-102425,0.3,0.9411391895007998
20210108-102428,0.0,0.9411391895007998
20210108-102431,0.0,0.9411391895007998
20210108-102434,0.0,0.9411391895007998
20210108-102437,0.3,0.9411391895007998
20210108-102440,0.0,0.9411391895007998
20210108-102443,0.0,0.9411391895007998
20210108-102446,0.0,0.9411391895007998
20210108-102449,0.3,0.9411391895007998
20210108-102452,0.0,0.9411391895007998
20210108-102455,0.0,0.9411391895007998
20210108-102458,0.0,0.9411391895007998
20210108-102501,0.0,0.9411391895007998
20210108-102504,0.0,0.9411391895007998
20210108-102507,0.3,0.9411391895007998
20210108-102510,0.0,0.9411391895007998
20210108-102513,0.0,0.9411391895007998
20210108-102516,0.3,0.9411391895007998
20210108-102519,0.0,0.9411391895007998
20210108-102522,0.0,0.9411391895007998
20210108-102525,0.0,0.9411391895007998
20210108-102528,0.3,0.9411391895007998
20210108-102531,0.0,0.9411391895007998
20210108-102534,0.0,0.9411391895007998
20210108-102537,0.0,0.9411391895007998
20210108-102540,0.0,0.9411391895007998
20210108-102543,0.0,0.9411391895007998
20210108-102546,0.3,0.9411391895007998
20210108-102549,0.0,0.9411391895007998
20210108-102552,0.3,0.9411391895007998
20210108-102555,21.0,1.0309953267642482
20210108-102558,38.3,0.9467081323144375
20210108-102601,0.0,0.9467081323144375
20210108-102604,0.0,0.9467081323144375
20210108-102607,0.3,0.9467081323144375
20210108-102610,0.0,0.9467081323144375
20210108-102613,0.7,0.9467081323144375
20210108-102616,0.0,0.9467081323144375
20210108-102619,0.3,0.9467081323144375
20210108-102622,0.0,0.9467081323144375
20210108-102625,0.0,0.9467081323144375
20210108-102628,0.0,0.9467081323144375
20210108-102631,0.3,0.9467081323144375
20210108-102634,0.0,0.9467081323144375
20210108-102637,0.0,0.9467081323144375
20210108-102640,0.0,0.9467081323144375
20210108-102643,0.3,0.9467081323144375
20210108-102646,0.0,0.9467081323144375
20210108-102649,0.0,0.9467081323144375
20210108-102652,0.0,0.9467081323144375
20210108-102655,0.3,0.9467081323144375
20210108-102658,0.0,0.9467081323144375
20210108-102701,0.0,0.9467081323144375
20210108-102704,0.0,0.9467081323144375
20210108-102707,0.3,0.9467081323144375
20210108-102710,0.0,0.9467081323144375
20210108-102713,6.0,0.9467081323144375
20210108-102716,0.0,0.9467081323144375
20210108-102719,0.0,0.9467081323144375
20210108-102722,0.3,0.9467081323144375
20210108-102725,0.0,0.9467081323144375
20210108-102728,0.0,0.9467081323144375
20210108-102731,0.0,0.9467081323144375
20210108-102734,0.3,0.9467081323144375
20210108-102737,0.0,0.9467081323144375
20210108-102740,0.0,0.9467081323144375
20210108-102743,0.0,0.9467081323144375
20210108-102746,0.3,0.9467081323144375
20210108-102749,0.0,0.9467081323144375
20210108-102752,0.0,0.9467081323144375
20210108-102755,0.0,0.9467081323144375
20210108-102758,0.0,0.9467081323144375
20210108-102801,0.3,0.9467081323144375
20210108-102804,0.0,0.9467081323144375
20210108-102807,0.0,0.9467081323144375
20210108-102810,0.0,0.9467081323144375
20210108-102813,0.0,0.9467081323144375
20210108-102816,0.3,0.9467081323144375
20210108-102819,0.3,0.9467081323144375
20210108-102822,0.0,0.9467081323144375
20210108-102825,0.0,0.9467081323144375
20210108-102828,0.0,0.9467081323144375
20210108-102831,0.0,0.9467081323144375
20210108-102834,0.0,0.9467081323144375
20210108-102837,0.3,0.9467081323144375
20210108-102840,0.0,0.9467081323144375
20210108-102843,0.3,0.9467081323144375
20210108-102846,0.0,0.9467081323144375
20210108-102849,0.0,0.9467081323144375
20210108-102852,0.0,0.9467081323144375
20210108-102855,0.0,0.9467081323144375
20210108-102858,0.3,0.9467081323144375
20210108-102901,0.0,0.9467081323144375
20210108-102904,0.0,0.9467081323144375
20210108-102907,0.0,0.9467081323144375
20210108-102910,0.3,0.9467081323144375
20210108-102913,0.0,0.9467081323144375
20210108-102916,0.0,0.9467081323144375
20210108-102919,0.0,0.9467081323144375
20210108-102922,0.3,0.9467081323144375
20210108-102925,0.0,0.9467081323144375
20210108-102928,0.0,0.9467081323144375
20210108-102931,0.0,0.9467081323144375
20210108-102934,0.0,0.9467081323144375
20210108-102937,0.3,0.9467081323144375
20210108-102940,0.0,0.9467081323144375
20210108-102943,0.0,0.9467081323144375
20210108-102946,0.0,0.9467081323144375
20210108-102949,0.3,0.9467081323144375
20210108-102952,0.0,0.9467081323144375
20210108-102955,0.0,0.9467081323144375
20210108-102958,0.0,0.9467081323144375
20210108-103001,0.3,0.9467081323144375
20210108-103004,0.0,0.9467081323144375
20210108-103007,60.0,0.9892070001550438
20210108-103010,0.0,0.9892070001550438
20210108-103013,0.0,0.9892070001550438
20210108-103016,0.0,0.9892070001550438
20210108-103019,0.3,0.9892070001550438
20210108-103022,0.7,0.9892070001550438
20210108-103025,0.0,0.9892070001550438
20210108-103028,0.0,0.9892070001550438
20210108-103031,0.0,0.9892070001550438
20210108-103034,0.3,0.9892070001550438
20210108-103037,0.0,0.9892070001550438
20210108-103040,0.0,0.9892070001550438
20210108-103043,0.0,0.9892070001550438
20210108-103046,0.0,0.9892070001550438
20210108-103049,0.0,0.9892070001550438
20210108-103052,0.0,0.9892070001550438
20210108-103055,0.3,0.9892070001550438
20210108-103058,0.0,0.9892070001550438
20210108-103101,0.0,0.9892070001550438
20210108-103104,0.0,0.9892070001550438
20210108-103107,0.3,0.9892070001550438
20210108-103110,0.0,0.9892070001550438
20210108-103113,0.0,0.9892070001550438
20210108-103116,0.3,0.9892070001550438
20210108-103119,0.0,0.9892070001550438
20210108-103122,7.3,0.9968589826470649
20210108-103125,0.0,0.9968589826470649
20210108-103128,0.3,0.9968589826470649
20210108-103131,0.0,0.9968589826470649
20210108-103134,0.0,0.9968589826470649
20210108-103137,0.0,0.9968589826470649
20210108-103140,0.0,0.9968589826470649
20210108-103143,0.3,0.9968589826470649
20210108-103146,0.0,0.9968589826470649
20210108-103149,0.0,0.9968589826470649
20210108-103152,0.0,0.9968589826470649
20210108-103155,0.3,0.9968589826470649
20210108-103158,0.0,0.9968589826470649
20210108-103201,0.0,0.9968589826470649
20210108-103204,0.0,0.9968589826470649
20210108-103207,0.3,0.9968589826470649
20210108-103210,0.0,0.9968589826470649
20210108-103213,0.0,0.9968589826470649
20210108-103216,0.0,0.9968589826470649
20210108-103219,0.3,0.9968589826470649
20210108-103222,0.0,0.9968589826470649
20210108-103225,0.0,0.9968589826470649
20210108-103228,0.0,0.9968589826470649
20210108-103231,0.3,0.9968589826470649
20210108-103234,0.0,0.9968589826470649
20210108-103237,0.0,0.9968589826470649
20210108-103240,0.0,0.9968589826470649
20210108-103243,0.0,0.9968589826470649
20210108-103246,0.3,0.9968589826470649
20210108-103249,0.0,0.9968589826470649
20210108-103252,0.3,0.9968589826470649
20210108-103255,0.0,0.9968589826470649
20210108-103258,0.0,0.9968589826470649
20210108-103301,0.0,0.9968589826470649
20210108-103304,0.0,0.9968589826470649
20210108-103307,0.3,0.9968589826470649
20210108-103310,0.0,0.9968589826470649
20210108-103313,0.0,0.9968589826470649
20210108-103316,0.0,0.9968589826470649
20210108-103319,0.0,0.9968589826470649
20210108-103322,0.0,0.9968589826470649
20210108-103325,0.7,0.9968589826470649
20210108-103328,0.0,0.9968589826470649
20210108-103331,0.0,0.9968589826470649
20210108-103334,47.3,0.9420440667954912
20210108-103337,0.0,0.9420440667954912
20210108-103340,0.0,0.9420440667954912
20210108-103343,0.3,0.9420440667954912
20210108-103346,0.0,0.9420440667954912
20210108-103349,0.7,0.9420440667954912
20210108-103352,0.0,0.9420440667954912
20210108-103355,0.0,0.9420440667954912
20210108-103358,0.0,0.9420440667954912
20210108-103401,0.3,0.9420440667954912
20210108-103404,0.0,0.9420440667954912
20210108-103407,0.3,0.9420440667954912
20210108-103410,0.0,0.9420440667954912
20210108-103413,0.0,0.9420440667954912
20210108-103416,0.0,0.9420440667954912
20210108-103419,0.0,0.9420440667954912
20210108-103422,0.3,0.9420440667954912
20210108-103425,0.0,0.9420440667954912
20210108-103428,0.0,0.9420440667954912
20210108-103431,0.3,0.9420440667954912
20210108-103434,0.0,0.9420440667954912
20210108-103437,0.0,0.9420440667954912
20210108-103440,0.0,0.9420440667954912
20210108-103443,0.0,0.9420440667954912
20210108-103446,0.0,0.9420440667954912
20210108-103449,6.3,0.9708786801860597
20210108-103452,0.0,0.9708786801860597
20210108-103455,0.0,0.9708786801860597
20210108-103458,0.3,0.9708786801860597
20210108-103501,0.0,0.9708786801860597
20210108-103504,0.0,0.9708786801860597
20210108-103507,0.0,0.9708786801860597
20210108-103510,0.3,0.9708786801860597
20210108-103513,0.0,0.9708786801860597
20210108-103516,0.0,0.9708786801860597
20210108-103519,0.0,0.9708786801860597
20210108-103522,0.3,0.9708786801860597
20210108-103525,0.0,0.9708786801860597
20210108-103528,0.3,0.9708786801860597
20210108-103531,0.0,0.9708786801860597
20210108-103534,0.0,0.9708786801860597
20210108-103537,0.3,0.9708786801860597
20210108-103540,0.0,0.9708786801860597
20210108-103543,0.0,0.9708786801860597
20210108-103546,0.0,0.9708786801860597
20210108-103549,0.0,0.9708786801860597
20210108-103552,0.0,0.9708786801860597
20210108-103555,0.7,0.9708786801860597
20210108-103558,0.0,0.9708786801860597
20210108-103601,0.0,0.9708786801860597
20210108-103604,0.0,0.9708786801860597
20210108-103607,0.3,0.9708786801860597
20210108-103610,0.0,0.9708786801860597
20210108-103613,0.0,0.9708786801860597
20210108-103616,0.0,0.9708786801860597
20210108-103619,0.3,0.9708786801860597
20210108-103622,0.0,0.9708786801860597
20210108-103625,0.0,0.9708786801860597
20210108-103628,0.0,0.9708786801860597
20210108-103631,0.0,0.9708786801860597
20210108-103634,0.0,0.9708786801860597
20210108-103637,0.3,0.9708786801860597
20210108-103640,0.0,0.9708786801860597
20210108-103643,0.0,0.9708786801860597
20210108-103646,0.0,0.9708786801860597
20210108-103649,0.0,0.9708786801860597
20210108-103652,0.3,0.9708786801860597
20210108-103655,0.0,0.9708786801860597
20210108-103658,0.3,0.9708786801860597
20210108-103701,0.0,0.9708786801860597
20210108-103704,0.0,0.9708786801860597
20210108-103707,0.3,0.9708786801860597
20210108-103710,0.0,0.9708786801860597
20210108-103713,0.0,0.9708786801860597
20210108-103716,0.0,0.9708786801860597
20210108-103719,0.0,0.9708786801860597
20210108-103722,0.3,0.9708786801860597
20210108-103725,0.0,0.9708786801860597
20210108-103728,0.0,0.9708786801860597
20210108-103731,18.7,1.0458498896019335
20210108-103734,33.6,0.9494713482143339
20210108-103737,0.0,0.9494713482143339
20210108-103740,0.0,0.9494713482143339
20210108-103743,0.3,0.9494713482143339
20210108-103746,0.0,0.9494713482143339
20210108-103749,0.3,0.9494713482143339
20210108-103752,0.3,0.9494713482143339
20210108-103755,0.0,0.9494713482143339
20210108-103758,0.0,0.9494713482143339
20210108-103801,0.0,0.9494713482143339
20210108-103804,0.0,0.9494713482143339
20210108-103807,0.3,0.9494713482143339
20210108-103810,0.3,0.9494713482143339
20210108-103813,0.0,0.9494713482143339
20210108-103816,0.0,0.9494713482143339
20210108-103819,0.0,0.9494713482143339
20210108-103822,0.0,0.9494713482143339
20210108-103825,0.3,0.9494713482143339
20210108-103828,0.0,0.9494713482143339
20210108-103831,0.0,0.9494713482143339
20210108-103834,0.0,0.9494713482143339
20210108-103837,0.0,0.9494713482143339
20210108-103840,0.0,0.9494713482143339
20210108-103843,0.3,0.9494713482143339
20210108-103846,0.0,0.9494713482143339
20210108-103849,6.3,0.9574877108250227
20210108-103852,0.0,0.9574877108250227
20210108-103855,0.3,0.9574877108250227
20210108-103858,0.0,0.9574877108250227
20210108-103901,0.0,0.9574877108250227
20210108-103904,0.0,0.9574877108250227
20210108-103907,0.0,0.9574877108250227
20210108-103910,0.3,0.9574877108250227
20210108-103913,0.0,0.9574877108250227
20210108-103916,0.0,0.9574877108250227
20210108-103919,0.0,0.9574877108250227
20210108-103922,0.3,0.9574877108250227
20210108-103925,0.0,0.9574877108250227
20210108-103928,0.0,0.9574877108250227
20210108-103931,0.0,0.9574877108250227
20210108-103934,0.0,0.9574877108250227
20210108-103937,0.3,0.9574877108250227
20210108-103940,0.0,0.9574877108250227
20210108-103943,0.0,0.9574877108250227
20210108-103946,0.0,0.9574877108250227
20210108-103949,0.0,0.9574877108250227
20210108-103952,0.3,0.9574877108250227
20210108-103955,0.0,0.9574877108250227
20210108-103958,0.0,0.9574877108250227
20210108-104001,0.0,0.9574877108250227
20210108-104004,0.3,0.9574877108250227
20210108-104007,0.0,0.9574877108250227
20210108-104010,0.0,0.9574877108250227
20210108-104013,0.0,0.9574877108250227
20210108-104016,0.3,0.9574877108250227
20210108-104020,0.0,0.9574877108250227
20210108-104023,0.3,0.9574877108250227
20210108-104026,0.0,0.9574877108250227
20210108-104029,0.0,0.9574877108250227
20210108-104032,0.0,0.9574877108250227
20210108-104035,0.3,0.9574877108250227
20210108-104038,0.0,0.9574877108250227
20210108-104041,0.0,0.9574877108250227
20210108-104044,0.0,0.9574877108250227
20210108-104047,0.0,0.9574877108250227
20210108-104050,0.0,0.9574877108250227
20210108-104053,0.0,0.9574877108250227
20210108-104056,0.3,0.9574877108250227
20210108-104059,0.0,0.9574877108250227
20210108-104102,0.0,0.9574877108250227
20210108-104105,0.0,0.9574877108250227
20210108-104108,0.0,0.9574877108250227
20210108-104111,0.3,0.9574877108250227
20210108-104114,0.0,0.9574877108250227
20210108-104117,0.0,0.9574877108250227
20210108-104120,0.0,0.9574877108250227
20210108-104123,0.3,0.9574877108250227
20210108-104126,0.3,0.9574877108250227
20210108-104129,0.0,0.9574877108250227
20210108-104132,0.0,0.9574877108250227
20210108-104135,0.0,0.9574877108250227
20210108-104138,0.0,0.9574877108250227
20210108-104141,0.3,0.9574877108250227
20210108-104144,0.0,0.9574877108250227
20210108-104147,0.0,0.9574877108250227
20210108-104150,0.0,0.9574877108250227
20210108-104153,0.3,0.9574877108250227
20210108-104156,0.0,0.9574877108250227
20210108-104159,0.0,0.9574877108250227
20210108-104202,0.0,0.9574877108250227
20210108-104205,0.0,0.9574877108250227
20210108-104208,0.0,0.9574877108250227
20210108-104211,0.0,0.9574877108250227
20210108-104214,0.3,0.9574877108250227
20210108-104217,0.0,0.9574877108250227
20210108-104220,0.0,0.9574877108250227
20210108-104223,0.3,0.9574877108250227
20210108-104226,0.0,0.9574877108250227
20210108-104229,0.0,0.9574877108250227
20210108-104232,0.0,0.9574877108250227
20210108-104235,0.0,0.9574877108250227
20210108-104238,0.3,0.9574877108250227
20210108-104241,0.3,0.9574877108250227
20210108-104244,0.0,0.9574877108250227
20210108-104247,0.0,0.9574877108250227
20210108-104250,20.3,0.76620029452845
20210108-104253,0.0,0.76620029452845
20210108-104256,0.0,0.76620029452845
20210108-104259,0.0,0.76620029452845
20210108-104302,1.0,0.76620029452845
20210108-104305,0.3,0.76620029452845
20210108-104308,0.0,0.76620029452845
20210108-104311,0.3,0.76620029452845
20210108-104314,0.0,0.76620029452845
20210108-104317,0.0,0.76620029452845
20210108-104320,0.3,0.76620029452845
20210108-104323,0.0,0.76620029452845
20210108-104326,0.3,0.76620029452845
20210108-104329,0.0,0.76620029452845
20210108-104332,0.0,0.76620029452845
20210108-104335,0.0,0.76620029452845
20210108-104338,0.0,0.76620029452845
20210108-104341,0.0,0.76620029452845
20210108-104344,0.7,0.76620029452845
20210108-104347,0.0,0.76620029452845
20210108-104350,0.0,0.76620029452845
20210108-104353,0.0,0.76620029452845
20210108-104356,0.0,0.76620029452845
20210108-104359,0.0,0.76620029452845
20210108-104402,0.3,0.76620029452845
20210108-104405,0.0,0.76620029452845
20210108-104408,0.0,0.76620029452845
20210108-104411,0.0,0.76620029452845
20210108-104414,0.0,0.76620029452845
20210108-104417,0.7,0.76620029452845
20210108-104420,0.0,0.76620029452845
20210108-104423,0.0,0.76620029452845
20210108-104426,0.0,0.76620029452845
20210108-104429,0.0,0.76620029452845
20210108-104432,0.3,0.76620029452845
20210108-104435,0.0,0.76620029452845
20210108-104438,0.0,0.76620029452845
20210108-104441,0.0,0.76620029452845
20210108-104444,0.0,0.76620029452845
20210108-104447,0.3,0.76620029452845
20210108-104450,0.0,0.76620029452845
20210108-104453,0.0,0.76620029452845
20210108-104456,0.0,0.76620029452845
20210108-104459,0.3,0.76620029452845
20210108-104502,0.0,0.76620029452845
20210108-104505,0.0,0.76620029452845
20210108-104508,0.3,0.76620029452845
20210108-104511,0.0,0.76620029452845
20210108-104514,0.0,0.76620029452845
20210108-104517,0.3,0.76620029452845
20210108-104520,0.0,0.76620029452845
20210108-104523,0.3,0.76620029452845
20210108-104526,0.0,0.76620029452845
20210108-104529,0.0,0.76620029452845
20210108-104532,0.0,0.76620029452845
20210108-104535,0.0,0.76620029452845
20210108-104538,0.3,0.76620029452845
20210108-104541,0.0,0.76620029452845
20210108-104544,0.0,0.76620029452845
20210108-104547,0.0,0.76620029452845
20210108-104550,0.3,0.76620029452845
20210108-104553,0.0,0.76620029452845
20210108-104556,0.0,0.76620029452845
20210108-104559,0.0,0.76620029452845
20210108-104602,0.3,0.76620029452845
20210108-104605,0.0,0.76620029452845
20210108-104608,0.0,0.76620029452845
20210108-104611,0.0,0.76620029452845
20210108-104614,0.3,0.76620029452845
20210108-104617,0.3,0.76620029452845
20210108-104620,0.0,0.76620029452845
20210108-104623,0.0,0.76620029452845
20210108-104626,0.3,0.76620029452845
20210108-104629,0.0,0.76620029452845
20210108-104632,0.0,0.76620029452845
20210108-104635,0.0,0.76620029452845
20210108-104638,0.0,0.76620029452845
20210108-104641,0.3,0.76620029452845
20210108-104644,0.0,0.76620029452845
20210108-104647,0.0,0.76620029452845
20210108-104650,0.3,0.76620029452845
20210108-104653,0.0,0.76620029452845
20210108-104656,0.0,0.76620029452845
20210108-104659,0.0,0.76620029452845
20210108-104702,0.3,0.76620029452845
20210108-104705,0.0,0.76620029452845
20210108-104708,0.3,0.76620029452845
20210108-104711,0.0,0.76620029452845
20210108-104714,0.0,0.76620029452845
20210108-104717,0.0,0.76620029452845
20210108-104720,0.0,0.76620029452845
20210108-104723,0.0,0.76620029452845
20210108-104726,0.3,0.76620029452845
20210108-104729,0.0,0.76620029452845
20210108-104732,0.0,0.76620029452845
20210108-104735,0.3,0.76620029452845
20210108-104738,0.3,0.76620029452845
20210108-104741,0.0,0.76620029452845
20210108-104744,0.0,0.76620029452845
20210108-104747,0.0,0.76620029452845
20210108-104750,0.0,0.76620029452845
20210108-104753,0.3,0.76620029452845
20210108-104756,0.0,0.76620029452845
20210108-104759,0.0,0.76620029452845
20210108-104802,0.3,0.76620029452845
20210108-104805,0.0,0.76620029452845
20210108-104808,0.0,0.76620029452845
20210108-104811,0.0,0.76620029452845
20210108-104814,0.3,0.76620029452845
20210108-104817,0.0,0.76620029452845
20210108-104820,0.0,0.76620029452845
20210108-104823,0.3,0.76620029452845
20210108-104826,0.0,0.76620029452845
20210108-104829,0.0,0.76620029452845
20210108-104832,0.0,0.76620029452845
20210108-104835,0.0,0.76620029452845
20210108-104838,0.0,0.76620029452845
20210108-104841,0.3,0.76620029452845
20210108-104844,0.3,0.76620029452845
20210108-104847,0.0,0.76620029452845
20210108-104850,0.0,0.76620029452845
20210108-104853,0.0,0.76620029452845
20210108-104856,0.0,0.76620029452845
20210108-104859,0.0,0.76620029452845
20210108-104902,0.3,0.76620029452845
20210108-104905,0.0,0.76620029452845
20210108-104908,0.0,0.76620029452845
20210108-104911,0.0,0.76620029452845
20210108-104914,0.3,0.76620029452845
20210108-104917,0.3,0.76620029452845
20210108-104920,0.0,0.76620029452845
20210108-104923,0.0,0.76620029452845
20210108-104926,0.0,0.76620029452845
20210108-104929,0.3,0.76620029452845
20210108-104932,0.0,0.76620029452845
20210108-104935,0.0,0.76620029452845
20210108-104938,0.0,0.76620029452845
20210108-104941,0.0,0.76620029452845
20210108-104944,0.3,0.76620029452845
20210108-104947,0.0,0.76620029452845
20210108-104950,0.0,0.76620029452845
20210108-104953,0.0,0.76620029452845
20210108-104956,0.0,0.76620029452845
20210108-104959,0.3,0.76620029452845
20210108-105002,0.3,0.76620029452845
20210108-105005,0.0,0.76620029452845
20210108-105008,0.0,0.76620029452845
20210108-105011,0.0,0.76620029452845
20210108-105014,0.3,0.76620029452845
20210108-105017,0.0,0.76620029452845
20210108-105020,0.0,0.76620029452845
20210108-105023,0.0,0.76620029452845
20210108-105026,0.0,0.76620029452845
20210108-105029,0.3,0.76620029452845
20210108-105032,0.3,0.76620029452845
20210108-105035,0.0,0.76620029452845
20210108-105038,0.0,0.76620029452845
20210108-105041,0.0,0.76620029452845
20210108-105044,0.3,0.76620029452845
20210108-105047,0.0,0.76620029452845
20210108-105050,0.0,0.76620029452845
20210108-105053,0.0,0.76620029452845
20210108-105056,0.3,0.76620029452845
20210108-105059,0.0,0.76620029452845
20210108-105102,0.0,0.76620029452845
20210108-105105,0.0,0.76620029452845
20210108-105108,0.0,0.76620029452845
20210108-105111,0.3,0.76620029452845
20210108-105114,0.0,0.76620029452845
20210108-105117,0.0,0.76620029452845
20210108-105120,0.3,0.76620029452845
20210108-105123,0.0,0.76620029452845
20210108-105126,0.0,0.76620029452845
20210108-105129,0.0,0.76620029452845
20210108-105132,0.3,0.76620029452845
20210108-105135,0.0,0.76620029452845
20210108-105138,0.3,0.76620029452845
20210108-105141,0.0,0.76620029452845
20210108-105144,0.0,0.76620029452845
20210108-105147,0.0,0.76620029452845
20210108-105150,0.3,0.76620029452845
20210108-105153,0.0,0.76620029452845
20210108-105156,0.0,0.76620029452845
20210108-105159,0.3,0.76620029452845
20210108-105202,0.0,0.76620029452845
20210108-105205,0.0,0.76620029452845
20210108-105208,0.0,0.76620029452845
20210108-105211,0.0,0.76620029452845
20210108-105214,0.3,0.76620029452845
20210108-105217,0.0,0.76620029452845
20210108-105220,0.3,0.76620029452845
20210108-105223,0.0,0.76620029452845
20210108-105226,0.0,0.76620029452845
20210108-105229,0.0,0.76620029452845
20210108-105232,0.0,0.76620029452845
20210108-105235,0.3,0.76620029452845
20210108-105238,0.0,0.76620029452845
20210108-105241,0.0,0.76620029452845
20210108-105244,0.0,0.76620029452845
20210108-105247,0.3,0.76620029452845
20210108-105250,0.3,0.76620029452845
20210108-105253,0.0,0.76620029452845
20210108-105256,0.0,0.76620029452845
20210108-105259,0.0,0.76620029452845
20210108-105302,0.3,0.76620029452845
20210108-105305,0.0,0.76620029452845
20210108-105308,0.0,0.76620029452845
20210108-105311,0.0,0.76620029452845
20210108-105314,0.3,0.76620029452845
20210108-105317,0.0,0.76620029452845
20210108-105320,0.0,0.76620029452845
20210108-105323,0.0,0.76620029452845
20210108-105326,0.3,0.76620029452845
20210108-105329,0.0,0.76620029452845
20210108-105332,0.0,0.76620029452845
20210108-105335,0.0,0.76620029452845
20210108-105338,0.3,0.76620029452845
20210108-105341,0.0,0.76620029452845
20210108-105344,0.0,0.76620029452845
20210108-105347,0.3,0.76620029452845
20210108-105350,0.0,0.76620029452845
20210108-105353,0.3,0.76620029452845
20210108-105356,0.0,0.76620029452845
20210108-105359,0.0,0.76620029452845
20210108-105402,0.0,0.76620029452845
20210108-105405,0.3,0.76620029452845
20210108-105408,0.0,0.76620029452845
20210108-105411,0.0,0.76620029452845
20210108-105414,0.0,0.76620029452845
20210108-105417,0.3,0.76620029452845
20210108-105420,0.0,0.76620029452845
20210108-105423,0.0,0.76620029452845
20210108-105426,0.0,0.76620029452845
20210108-105429,0.3,0.76620029452845
20210108-105432,0.0,0.76620029452845
20210108-105435,0.0,0.76620029452845
20210108-105438,0.3,0.76620029452845
20210108-105441,0.0,0.76620029452845
20210108-105444,0.0,0.76620029452845
20210108-105447,0.0,0.76620029452845
20210108-105450,0.3,0.76620029452845
20210108-105453,0.0,0.76620029452845
20210108-105456,0.0,0.76620029452845
20210108-105459,0.3,0.76620029452845
20210108-105502,0.0,0.76620029452845
20210108-105505,0.0,0.76620029452845
20210108-105508,0.0,0.76620029452845
20210108-105511,0.3,0.76620029452845
20210108-105514,0.0,0.76620029452845
20210108-105517,0.0,0.76620029452845
20210108-105520,0.0,0.76620029452845
20210108-105523,0.3,0.76620029452845
20210108-105526,0.0,0.76620029452845
20210108-105529,0.0,0.76620029452845
20210108-105532,0.3,0.76620029452845
20210108-105535,0.0,0.76620029452845
20210108-105538,0.0,0.76620029452845
20210108-105541,0.3,0.76620029452845
20210108-105544,0.0,0.76620029452845
20210108-105547,0.0,0.76620029452845
20210108-105550,0.0,0.76620029452845
20210108-105553,0.3,0.76620029452845
20210108-105556,0.0,0.76620029452845
20210108-105559,0.0,0.76620029452845
20210108-105602,0.3,0.76620029452845
20210108-105605,0.0,0.76620029452845
20210108-105608,0.0,0.76620029452845
20210108-105611,0.3,0.76620029452845
20210108-105614,0.0,0.76620029452845
20210108-105617,0.0,0.76620029452845
20210108-105620,0.3,0.76620029452845
20210108-105623,0.0,0.76620029452845
20210108-105626,0.0,0.76620029452845
20210108-105629,0.0,0.76620029452845
20210108-105632,0.3,0.76620029452845
20210108-105635,0.0,0.76620029452845
20210108-105638,0.0,0.76620029452845
20210108-105641,0.0,0.76620029452845
20210108-105644,0.3,0.76620029452845
20210108-105647,0.0,0.76620029452845
20210108-105650,0.0,0.76620029452845
20210108-105653,0.0,0.76620029452845
20210108-105656,0.0,0.76620029452845
20210108-105659,0.3,0.76620029452845
20210108-105702,0.0,0.76620029452845
20210108-105705,0.0,0.76620029452845
20210108-105708,0.0,0.76620029452845
20210108-105711,0.3,0.76620029452845
20210108-105714,0.0,0.76620029452845
20210108-105717,0.0,0.76620029452845
20210108-105720,0.0,0.76620029452845
20210108-105723,0.7,0.76620029452845
20210108-105726,0.0,0.76620029452845
20210108-105729,0.0,0.76620029452845
20210108-105732,0.0,0.76620029452845
20210108-105735,0.0,0.76620029452845
20210108-105738,0.0,0.76620029452845
20210108-105741,0.3,0.76620029452845
20210108-105744,0.0,0.76620029452845
20210108-105747,0.0,0.76620029452845
20210108-105750,0.0,0.76620029452845
20210108-105753,0.3,0.76620029452845
20210108-105756,0.0,0.76620029452845
20210108-105800,0.0,0.76620029452845
20210108-105803,0.3,0.76620029452845
20210108-105806,0.0,0.76620029452845
20210108-105809,0.3,0.76620029452845
20210108-105812,0.0,0.76620029452845
20210108-105815,0.0,0.76620029452845
20210108-105818,0.0,0.76620029452845
20210108-105821,0.3,0.76620029452845
20210108-105824,0.0,0.76620029452845
20210108-105827,0.0,0.76620029452845
20210108-105830,0.0,0.76620029452845
20210108-105833,0.0,0.76620029452845
20210108-105836,0.3,0.76620029452845
20210108-105839,0.0,0.76620029452845
20210108-105842,0.0,0.76620029452845
20210108-105845,0.0,0.76620029452845
20210108-105848,0.3,0.76620029452845
20210108-105851,0.0,0.76620029452845
20210108-105854,0.3,0.76620029452845
20210108-105857,0.0,0.76620029452845
20210108-105900,0.0,0.76620029452845
20210108-105903,0.3,0.76620029452845
20210108-105906,0.0,0.76620029452845
20210108-105909,0.0,0.76620029452845
20210108-105912,0.0,0.76620029452845
20210108-105915,0.3,0.76620029452845
20210108-105918,0.0,0.76620029452845
20210108-105921,0.0,0.76620029452845
20210108-105924,0.0,0.76620029452845
20210108-105927,0.0,0.76620029452845
20210108-105930,0.3,0.76620029452845
20210108-105933,0.0,0.76620029452845
20210108-105936,0.0,0.76620029452845
20210108-105939,0.3,0.76620029452845
20210108-105942,0.0,0.76620029452845
20210108-105945,0.0,0.76620029452845
20210108-105948,0.0,0.76620029452845
20210108-105951,0.3,0.76620029452845
20210108-105954,0.0,0.76620029452845
20210108-105957,0.3,0.76620029452845
20210108-110000,0.0,0.76620029452845
20210108-110003,0.3,0.76620029452845
20210108-110006,0.0,0.76620029452845
20210108-110009,0.0,0.76620029452845
20210108-110012,0.0,0.76620029452845
20210108-110015,0.3,0.76620029452845
20210108-110018,0.0,0.76620029452845
20210108-110021,0.0,0.76620029452845
20210108-110024,0.0,0.76620029452845
20210108-110027,0.3,0.76620029452845
20210108-110030,0.0,0.76620029452845
20210108-110033,0.0,0.76620029452845
20210108-110036,0.0,0.76620029452845
20210108-110039,0.0,0.76620029452845
20210108-110042,0.3,0.76620029452845
20210108-110045,0.0,0.76620029452845
20210108-110048,0.0,0.76620029452845
20210108-110051,0.3,0.76620029452845
20210108-110054,0.0,0.76620029452845
20210108-110057,0.0,0.76620029452845
20210108-110100,0.0,0.76620029452845
20210108-110103,0.3,0.76620029452845
20210108-110106,0.0,0.76620029452845
20210108-110109,0.0,0.76620029452845
20210108-110112,0.3,0.76620029452845
20210108-110115,0.0,0.76620029452845
20210108-110118,0.0,0.76620029452845
20210108-110121,0.0,0.76620029452845
20210108-110124,0.0,0.76620029452845
20210108-110127,0.3,0.76620029452845
20210108-110130,0.3,0.76620029452845
20210108-110133,0.0,0.76620029452845
20210108-110136,0.0,0.76620029452845
20210108-110139,0.0,0.76620029452845
20210108-110142,0.0,0.76620029452845
20210108-110145,0.3,0.76620029452845
20210108-110148,0.0,0.76620029452845
20210108-110151,0.0,0.76620029452845
20210108-110154,0.3,0.76620029452845
20210108-110157,0.0,0.76620029452845
20210108-110200,0.0,0.76620029452845
20210108-110203,0.0,0.76620029452845
20210108-110206,0.3,0.76620029452845
20210108-110209,0.0,0.76620029452845
20210108-110212,0.0,0.76620029452845
20210108-110215,0.0,0.76620029452845
20210108-110218,0.0,0.76620029452845
20210108-110221,0.3,0.76620029452845
20210108-110224,0.0,0.76620029452845
20210108-110227,0.0,0.76620029452845
20210108-110230,0.0,0.76620029452845
20210108-110233,0.3,0.76620029452845
20210108-110236,0.0,0.76620029452845
20210108-110239,0.3,0.76620029452845
20210108-110242,0.0,0.76620029452845
20210108-110245,0.0,0.76620029452845
20210108-110248,0.0,0.76620029452845
20210108-110251,0.3,0.76620029452845
20210108-110254,0.0,0.76620029452845
20210108-110257,0.0,0.76620029452845
20210108-110300,0.0,0.76620029452845
20210108-110303,0.0,0.76620029452845
20210108-110306,0.3,0.76620029452845
20210108-110309,0.0,0.76620029452845
20210108-110312,0.3,0.76620029452845
20210108-110315,0.0,0.76620029452845
20210108-110318,0.0,0.76620029452845
20210108-110321,0.3,0.76620029452845
20210108-110324,0.0,0.76620029452845
20210108-110327,0.0,0.76620029452845
20210108-110330,0.0,0.76620029452845
20210108-110333,0.3,0.76620029452845
20210108-110336,0.0,0.76620029452845
20210108-110339,0.0,0.76620029452845
20210108-110342,0.0,0.76620029452845
20210108-110345,0.3,0.76620029452845
20210108-110348,0.0,0.76620029452845
20210108-110351,0.0,0.76620029452845
20210108-110354,0.0,0.76620029452845
20210108-110357,0.0,0.76620029452845
20210108-110400,0.3,0.76620029452845
20210108-110403,0.0,0.76620029452845
20210108-110406,0.3,0.76620029452845
20210108-110409,0.0,0.76620029452845
20210108-110412,0.0,0.76620029452845
20210108-110415,0.0,0.76620029452845
20210108-110418,0.0,0.76620029452845
20210108-110421,0.3,0.76620029452845
20210108-110424,0.0,0.76620029452845
20210108-110427,0.0,0.76620029452845
20210108-110430,0.0,0.76620029452845
20210108-110433,0.3,0.76620029452845
20210108-110436,0.0,0.76620029452845
20210108-110439,0.0,0.76620029452845
20210108-110442,0.3,0.76620029452845
20210108-110445,0.0,0.76620029452845
20210108-110448,0.0,0.76620029452845
20210108-110451,0.3,0.76620029452845
20210108-110454,0.3,0.76620029452845
20210108-110457,0.0,0.76620029452845
20210108-110500,0.0,0.76620029452845
20210108-110503,0.0,0.76620029452845
20210108-110506,0.3,0.76620029452845
20210108-110509,0.0,0.76620029452845
20210108-110512,0.3,0.76620029452845
20210108-110515,0.0,0.76620029452845
20210108-110518,0.0,0.76620029452845
20210108-110521,0.0,0.76620029452845
20210108-110524,0.3,0.76620029452845
20210108-110527,0.0,0.76620029452845
20210108-110530,0.0,0.76620029452845
20210108-110533,0.0,0.76620029452845
20210108-110536,0.3,0.76620029452845
20210108-110539,0.0,0.76620029452845
20210108-110542,0.0,0.76620029452845
20210108-110545,0.0,0.76620029452845
20210108-110548,0.0,0.76620029452845
20210108-110551,0.3,0.76620029452845
20210108-110554,0.0,0.76620029452845
20210108-110557,0.0,0.76620029452845
20210108-110600,0.0,0.76620029452845
20210108-110603,0.3,0.76620029452845
20210108-110606,0.3,0.76620029452845
20210108-110609,0.0,0.76620029452845
20210108-110612,0.0,0.76620029452845
20210108-110615,0.0,0.76620029452845
20210108-110618,0.3,0.76620029452845
20210108-110621,0.0,0.76620029452845
20210108-110624,0.0,0.76620029452845
20210108-110627,0.0,0.76620029452845
20210108-110630,0.0,0.76620029452845
20210108-110633,0.0,0.76620029452845
20210108-110636,0.3,0.76620029452845
20210108-110639,0.0,0.76620029452845
20210108-110642,0.0,0.76620029452845
20210108-110645,0.0,0.76620029452845
20210108-110648,0.0,0.76620029452845
20210108-110651,0.3,0.76620029452845
20210108-110654,0.3,0.76620029452845
20210108-110657,0.0,0.76620029452845
20210108-110700,0.0,0.76620029452845
20210108-110703,0.3,0.76620029452845
20210108-110706,0.0,0.76620029452845
20210108-110709,0.0,0.76620029452845
20210108-110712,0.0,0.76620029452845
20210108-110715,0.0,0.76620029452845
20210108-110718,0.0,0.76620029452845
20210108-110721,0.3,0.76620029452845
20210108-110724,0.0,0.76620029452845
20210108-110727,0.0,0.76620029452845
20210108-110730,0.3,0.76620029452845
20210108-110733,0.0,0.76620029452845
20210108-110736,0.0,0.76620029452845
20210108-110739,0.0,0.76620029452845
20210108-110742,0.3,0.76620029452845
20210108-110745,0.0,0.76620029452845
20210108-110748,0.0,0.76620029452845
20210108-110751,0.0,0.76620029452845
20210108-110754,0.3,0.76620029452845
20210108-110757,0.0,0.76620029452845
20210108-110800,0.3,0.76620029452845
20210108-110803,0.0,0.76620029452845
20210108-110806,0.0,0.76620029452845
20210108-110809,0.0,0.76620029452845
20210108-110812,0.0,0.76620029452845
20210108-110815,0.0,0.76620029452845
20210108-110818,0.0,0.76620029452845
20210108-110821,0.3,0.76620029452845
20210108-110824,0.3,0.76620029452845
20210108-110827,0.0,0.76620029452845
20210108-110830,0.0,0.76620029452845
20210108-110833,0.0,0.76620029452845
20210108-110836,0.0,0.76620029452845
20210108-110839,0.3,0.76620029452845
20210108-110842,0.0,0.76620029452845
20210108-110845,0.0,0.76620029452845
20210108-110848,0.0,0.76620029452845
20210108-110851,0.0,0.76620029452845
20210108-110854,0.3,0.76620029452845
20210108-110857,0.0,0.76620029452845
20210108-110900,0.0,0.76620029452845
20210108-110903,0.3,0.76620029452845
20210108-110906,0.3,0.76620029452845
20210108-110909,0.0,0.76620029452845
20210108-110912,0.0,0.76620029452845
20210108-110915,0.0,0.76620029452845
20210108-110918,0.0,0.76620029452845
20210108-110921,0.3,0.76620029452845
20210108-110924,0.0,0.76620029452845
20210108-110927,0.0,0.76620029452845
20210108-110930,0.0,0.76620029452845
20210108-110933,0.3,0.76620029452845
20210108-110936,0.3,0.76620029452845
20210108-110939,0.0,0.76620029452845
20210108-110942,0.0,0.76620029452845
20210108-110945,0.0,0.76620029452845
20210108-110948,0.0,0.76620029452845
20210108-110951,0.0,0.76620029452845
20210108-110954,0.0,0.76620029452845
20210108-110957,0.3,0.76620029452845
20210108-111000,0.0,0.76620029452845
20210108-111003,0.0,0.76620029452845
20210108-111006,0.3,0.76620029452845
20210108-111009,0.0,0.76620029452845
20210108-111012,0.3,0.76620029452845
20210108-111015,0.0,0.76620029452845
20210108-111018,0.0,0.76620029452845
20210108-111021,0.0,0.76620029452845
20210108-111024,0.0,0.76620029452845
20210108-111027,0.3,0.76620029452845
20210108-111030,0.0,0.76620029452845
20210108-111033,0.0,0.76620029452845
20210108-111036,0.3,0.76620029452845
20210108-111039,0.0,0.76620029452845
20210108-111042,0.3,0.76620029452845
20210108-111045,0.0,0.76620029452845
20210108-111048,0.0,0.76620029452845
20210108-111051,0.0,0.76620029452845
20210108-111054,0.3,0.76620029452845
20210108-111057,0.0,0.76620029452845
20210108-111100,0.0,0.76620029452845
20210108-111103,0.0,0.76620029452845
20210108-111106,0.3,0.76620029452845
20210108-111109,0.0,0.76620029452845
20210108-111112,0.0,0.76620029452845
20210108-111115,0.0,0.76620029452845
20210108-111118,0.3,0.76620029452845
20210108-111121,0.0,0.76620029452845
20210108-111124,0.0,0.76620029452845
20210108-111127,0.0,0.76620029452845
20210108-111130,0.3,0.76620029452845
